"Area","% of agricultural GVA produced by irrigated agriculture","% of total country area cultivated","Agriculture, value added (% GDP)","Agriculture, value added to GDP","Arable land area","Cultivated area (arable land + permanent crops)","GDP Deflator (2015)","GDP per capita","Gender Inequality Index (GII) [equality = 0; inequality = 1)","Gross Domestic Product (GDP)","Human Development Index (HDI) [highest = 1]","Industry, value added to GDP","Number of people undernourished (3-year average)","Permanent crops area","Population density","Prevalence of undernourishment (3-year average)","Rural population","Services, value added to GDP","Total area of the country (excl. coastal water)","Total population","Urban population"
"Afghanistan",44.399468287,12.331893515,33.484497,5002252164,7829,8051,94.1068937,372.548875,0.6934,14939009450,0.496,1945321364,11200,222,61.421226603,28.8,28674.023,7330925167,65286,40099.462,10239.684
"Albania",40.089518514,24.793725207,17.68325,3228969140,599.9,687.53,134.4070871,6396.461812,0.2174,18260043500,0.791,3363705028,100,87.63,102.946628201,4.1,1090.487,9330719320,2773,2854.71,1854.317
"Algeria",27.970194444,3.572836425,12.175658,19903888815,7530.6,8509.571,93.93215205,3700.324057,0.4131,163472801500,0.759,62764292030,1200,978.971,18.548603312,2.8,11317.455,74711956122,238174.1,44177.969,32651.848
"Andorra",23.882869168,1.60893617,0.531845,17681968,0.7476,0.7562,114.9307664,42066.041564,NA,3324647529,0.857,393237499,NA,0.0086,168.157446808,NA,9.383,2656943315,47,79.034,67.893
"Angola",0.478513803,4.56404909,9.016303,8101381220,5373,5690,74.42910847,2257.75873,NA,77901196950,0.574,33058851757,6700,317,27.676084062,20.1,11029.326,29331158372,124670,34503.774,22865.158
"Antigua and Barbuda",12.900977725,11.363636364,2.248752,31959259,4,5,107.3513296,15245.818985,NA,1421200000,0.776,242933333,NA,1,211.861363636,NA,80.252,976033333,44,93.219,25.873
"Argentina",5.446530553,15.564940188,6.024367,29352350216,42208.7597,43276.7597,79.08853473,10761.081627,0.3756,487227125400,0.83,99257254171,1500,1068,16.284268451,3.3,3567.989,276814888285,278040,45276.78,42346.437
"Armenia",27.180780988,16.937457969,11.337477,1571535246,443.42,503.72,109.7453373,4966.516675,0.3176,13861418910,0.76,3251343384,100,60.3,93.845796906,3.5,1075.114,7759772560,2974,2790.974,1864.83
"Australia",12.4453044,4.088502846,3.172689,55031298801,31265,31650,122.3590231,66915.859206,0.1101,1734531942000,0.938,449441178448,NA,385,3.348450115,NA,3504.916,1116909483364,774122,25921.089,22195.539
"Austria",4.713105369,16.541439455,1.212189,5822973541,1319.7654,1387.4794,118.614478,53840.393296,0.0528,480368403900,0.914,111960977191,NA,67.714,106.368483172,NA,3608.752,311953930687,8387.9,8922.082,5191.931
"Azerbaijan",66.495626128,27.286374134,5.876519,3209882353,2089,2363,100.9671278,5296.443212,0.303,54622176470,0.754,25728882353,200,274.1,119.087667436,2.5,4399.795,21069235295,8660,10312.992,5779.351
"Bahamas",0.022222839,0.792507205,0.489669,54885000,8,11,102.8933869,27478.389629,0.2979,11208600000,0.805,1009398000,NA,3,29.388040346,NA,68.295,9063533000,1388,407.906,342.261
"Bahrain",93.039509735,5.189873418,0.294049,114292859,2.1,4.1,114.3241838,26562.974041,0.2649,38868670210,0.838,15686168857,NA,2,1852.234177215,NA,181.021,22185955674,79,1463.265,1563.274
"Bangladesh",77.920172678,64.159381988,11.632859,48265542603,8110,9468,121.7968389,2449.906517,0.5034,414906983000,0.614,132604673251,19500,1358,1147.633333333,11.7,104707.739,218479671120,14757,169356.251,66791.896
"Barbados",53.011460042,18.604651163,1.482307,71800000,7,8,116.3816793,17225.462304,0.357,4843800000,0.813,5.39e+08,NA,1,653.953488372,3.4,198.059,3554450000,43,281.2,90.012
"Belarus",0.660289923,27.544189183,6.803858,4640651127,5624,5719,113.6508266,7121.004689,0.1507,68206172120,0.817,19527960846,300,95,46.130939652,3,1887.9,35350673875,20763,9578.167,7509.15
"Belgium",2.076088692,29.131673764,0.663174,3939944521,865.64,889.39,119.5009713,51165.510219,0.0633,594104177500,0.919,102270490147,NA,23.75,380.328169014,NA,219.756,422921559774,3053,11611.419,11449.399
"Belize",6.021690803,5.746626034,7.688418,191570272,100,132,108.6488653,6228.700853,0.4257,2491673431,0.72,352298793,NA,32,17.415367871,4.7,218.296,1606207832,2297,400.031,187.469
"Benin",1.009364125,29.627047752,28.528951,5046093382,2800,3400,112.1791506,1360.911474,0.6143,17687623530,0.52,2766302632,1300,600,113.252831997,10.2,6352.738,8262350466,11476,12996.895,6096.875
"Bhutan",30.515518201,2.604845012,17.002572,404894756,94,100,110.868964,3062.914976,0.4574,2381373513,0.617,527901763,NA,6,20.252305288,NA,481.101,1343424471,3839,777.486,363.051
"Bolivia (Plurinational State of)",19.156399469,4.6599858,12.922253,5221650827,4868.3672,5119.3672,109.2580725,3345.196589,0.4443,40408208530,0.703,9725238981,1900,251,10.995532415,16.2,3456.718,21364465311,109858,12079.472,8251.182
"Bosnia and Herzegovina",0.000533399,21.792618629,5.156666,1204869125,1008,1116,121.8473507,7143.283961,0.2007,23365274670,0.769,4710769840,100,108,63.873130248,2.8,1766.129,14079644018,5121,3270.943,1725.939
"Botswana",1.749669652,0.450380761,1.721781,303289225,260,262,106.8900244,6805.247713,0.4801,17614859700,0.728,5032537083,600,2,4.449526413,24.5,698.606,11405684223,58173,2588.423,1757.85
"Brazil",20.695252059,7.751355426,6.891292,110879599668,58252.76,66008.76,87.92716972,7507.160246,0.4569,1608981301000,0.761,262041695511,7800,7756,25.168155434,3.7,27304.243,996815639127,851577,214326.223,187973.657
"Brunei Darussalam",20.255183413,1.733102253,1.25629,175962217,4,10,106.0002227,31448.913607,NA,14006497000,0.845,8641250860,NA,6,77.187694974,5.9,96.423,5411510269,577,445.373,353.19
"Bulgaria",4.447417319,32.893356467,4.367024,3670813744,3500.4755,3649.5179,141.5531382,12207.257715,0.2116,84057565270,0.816,13554141282,200,149.0423,62.062803064,2.5,1652.403,56308203959,11095,6885.868,5239.807
"Burkina Faso",0.946331223,24.578805339,17.460657,3446317424,6100,6740,120.8309277,893.077196,0.6313,19737616000,0.434,6125673059,3300,640,80.594715921,15.5,14781.376,8500431449,27422,22100.683,6715.585
"Burundi",1.219472782,58.210564139,33.916507,1322658220,1270,1620,115.2612606,310.706844,0.4916,3899747783,0.423,635525871,NA,350,450.995795904,NA,10575.557,1566447641,2783,12551.213,1729.9
"Cabo Verde",9.902718775,13.399503722,4.409769,85380804,50,54,110.9711205,3293.233322,NA,1936174201,0.651,429188460,100,4,145.887096774,18.1,188.937,1167279591,403,587.925,385.375
"Cambodia",15.185104447,25.403997459,22.71797,6058766822,4120.1397,4599.1397,112.5770815,1607.658928,0.4775,26669490940,0.581,9580801738,800,479,91.63181065,4.6,12764.03,9074119661,18104,16589.023,4179.681
"Cameroon",0.720009808,16.300689887,17.200662,7803535845,6200,7750,116.2317383,1668.01241,0.5873,45367649040,0.563,10203758220,1500,1550,57.207277469,5.6,11138.276,23879838685,47544,27198.628,15475.489
"Canada",3.204396434,3.892275002,1.77526,35298145664,38259,38431,118.3545887,52112.061503,0.1292,1988336332000,0.922,434602519852,NA,172,3.864323058,NA,6958.095,1384205702765,987366,38155.012,30966.067
"Central African Republic",0.008184873,3.081960898,31.743277,799206242,1800,1920,124.5402861,461.361013,0.6549,2517718099,0.381,508248218,2400,120,8.759757938,45.7,2880.682,1095999096,62298,5457.154,2142.171
"Chad",0.990247251,4.157320872,43.902433,7204199015,5300,5338,112.7521769,955.169673,0.7065,16409566630,0.401,3471433036,5000,38,13.379859813,29.8,12778.64,4820392405,128400,17179.74,3987.074
"Chile",68.584166737,2.396388818,3.28487,10414961431,1313.9,1811.9,115.1019587,16265.096436,0.3376,317058517600,0.847,92984715345,500,498,25.781361097,2.6,2266.63,180939220368,75609.6,19493.184,16338.316
"China",64.130373293,13.401231853,7.422274,1345562629328,109461,128652,95.1,12437.602119,0.1907,18133209997880,0.758,6564820185474,122400,19191,151.867977887,8.5,540439.367,9823748082516,960001.3,1457934.562,920173.874
"Colombia",9.681457725,3.943472626,7.428969,23361443597,1993,4498,95.10819165,6104.136709,0.4285,314464137200,0.761,67686364272,3200,2505,45.165440644,6.3,9235.053,193219826896,114061.905,51516.562,41341.142
"Comoros",0.129009932,63.406770554,37.335786,500474447,65,118,111.5812613,1631.484553,NA,1340468496,0.538,108682539,100,53,441.496507254,11.9,625.324,683018536,186.1,821.625,263.083
"Congo",0.118201553,1.98245614,8.568209,1100211803,550,678,141.2885305,2200.317776,0.5934,12840627680,0.609,5426505103,1800,128,17.063760234,32,1850.391,6080329006,34200,5835.806,3983.698
"Cook Islands",NA,7.916666667,2.731097,8945543,0.5,1.9,127.4270602,19263.890025,NA,327543922,NA,23161581,NA,1.4,70.845833333,NA,4.261,265575264,24,17.003,13.289
"Costa Rica",32.435982969,11.956947162,4.454212,2863275923,243,611,96.72837219,12472.443327,0.3492,64282436590,0.794,11773780114,200,368,100.860215264,3.1,944.993,44419251144,5110,5153.957,4142.55
"Croatia",3.077214315,16.540024739,2.906968,2004502090,857,936,116.6084903,16983.447316,0.1489,68955088870,0.837,11416155747,100,79,71.746509984,2.5,1723.776,43878294149,5659,4060.135,2368.602
"Cuba",26.399302299,32.413542046,2.118237,2683671309,2908.6,3561.6,154.2421457,11255.278948,0.3559,126693606800,0.778,23107867071,300,653,102.442409902,2.8,2611.407,110808243197,10988,11256.372,8888.324
"Cyprus",33.100917385,13.0752,1.700328,483031143,95.1566,120.9456,111.4204578,22832.659719,0.1239,28408121230,0.873,3202742485,NA,25.789,134.506810811,6.8,402.982,21325517435,925,1244.188,812.868
"Czechia",1.53451669,32.005055341,1.845598,5200485896,2475.335,2524.272,133.5466018,26808.539856,0.0914,281777887100,0.891,74990335899,NA,48.937,133.265023512,NA,2742.083,175852416793,7887.104,10510.751,7891.767
"Côte d'Ivoire",1.536599012,31.941946288,20.401669,14233189607,3500,10300,106.8846841,2538.911071,0.6789,69764830610,0.516,12827645070,2100,6800,85.214442101,7.9,12828.984,38038336840,32246,27478.249,13998.744
"Democratic People's Republic of Korea",65.625571932,21.113323378,23.8,3986607750,2295,2545,111.8055267,644.944995,NA,16750452730,NA,6448924302,11400,250,215.462991538,43.9,9694.574,6314920679,12054,25971.909,16256.188
"Democratic Republic of the Congo",0.319478068,6.69464275,19.841503,10486216666,13680,15698,110.4609089,551.127775,0.673,52849911910,0.459,20659490400,31400,2018,40.895455592,33.9,49644.313,20336748994,234486,95894.118,42691.732
"Denmark",16.249083548,55.545200373,0.867191,3454049532,2357,2384,116.5322849,68036.717456,0.0484,398303272800,0.93,69155110508,NA,27,136.39888164,NA,684.329,273457305037,4292,5854.24,5134.933
"Djibouti",100,0.168103448,1.177263,43575428,3,3.9,109.058272,3348.013391,NA,3701419641,0.495,237190092,200,0.9,47.653318965,17.3,220.887,2902900186,2320,1105.557,793.138
"Dominica",0.005867249,30.666666667,17.23369,94477778,6,23,108.139764,7570.783782,NA,548215595,0.724,49045696,NA,17,96.549333333,7.1,21.568,321483934,75,72.412,53.833
"Dominican Republic",32.336441843,25.561062203,5.665782,5339627232,877,1232,100.8003029,8476.749689,0.4773,94243426490,0.745,29453969490,700,355,230.669353344,6.3,1883.112,52812809803,4819.831,11117.873,9334.544
"Ecuador",55.566894147,9.548699146,9.414288,9994760000,1024,2448,108.6052712,5965.132871,0.4073,106165866000,0.758,31343799000,2500,1423,69.422073565,14.1,6261.381,58454884000,25637,17797.737,11307.417
"Egypt",100,4.025163513,11.436933,48710599334,3077,4031,98.41644711,3898.01973,0.5726,425906125600,0.7,122998794776,6900,954,109.103977233,6.4,59819.36,233335116825,100145,109262.178,44872.827
"El Salvador",4.036802492,41.872623574,4.917129,1413032428,721,881,110.0828377,4551.184798,0.4269,28736940860,0.667,5959740603,400,160,300.102994297,7,1685.522,18156057562,2104,6314.167,4826.802
"Equatorial Guinea",NA,3.565062389,2.597569,322900081,53,100,127.5685313,7605.453384,NA,12430854970,0.588,6466340207,NA,47,58.26973262,NA,383.99,5586915781,2805,1634.466,1068.36
"Eritrea",2.840838224,5.689370547,17.628385,397588790,690,692,100.7805276,622.98214,NA,2255389718,0.434,680249528,NA,2,29.764879281,NA,3222.842,1224565853,12163.0327,3620.312,2332.299
"Estonia",0.489869016,15.549183943,2.020677,751513193,700,705,128.7816431,27990.621028,0.1638,37191166150,0.882,7158062630,NA,5,29.305271284,2.9,396.696,24694080112,4534,1328.701,900.342
"Eswatini",30.412758915,11.232718894,8.484253,401475827,177,195,101.6187532,3968.905959,0.5572,4732011477,0.608,1480640170,100,18,68.679205069,11.9,1106.443,2586122604,1736,1192.271,356.511
"Ethiopia",5.29654029,16.365387121,37.573833,37298985183,16314,18595,102.9705904,825.291114,0.5583,99268512530,0.47,20992470251,26200,2281,105.860622995,22.3,89813.744,36971791693,113623.9544,120283.026,25589.582
"Faroe Islands",NA,0.05,NA,NA,0.07,0.07,NA,NA,NA,2613458942,NA,NA,NA,0,37.777857143,NA,28.768,1530185730,140,52.889,21.335
"Fiji",3.854491849,7.586206897,14.521729,623887672,76.8,138.6,104.7481303,4646.537921,0.4181,4296235427,0.724,639269841,NA,61.8,50.608100712,5.9,393.292,2396682599,1827,924.61,537.363
"Finland",0.315652307,6.638742781,2.295846,6825594329,2243,2247,115.9385102,53703.452516,0.0747,297301883500,0.925,64744387314,NA,4.4,16.356042246,NA,806.458,186236654706,33846.77,5535.992,4792.312
"France",15.921736313,34.549242652,1.640189,48514824779,17956.56,18970.54,114.7995919,45836.255562,0.0884,2957879759000,0.891,413055494930,NA,1013.98,117.524989665,NA,12371.78,2160295282942,54908.7,64531.444,53582.961
"Gabon",1.298999483,1.849292039,6.184824,1145473152,325,495,120.3200106,7910.846082,0.5137,18520706720,0.702,8602950594,500,170,8.746512497,22.1,210.171,7958441613,26767,2341.179,1984.317
"Gambia",1.467613961,39.557522124,22.418737,456986884,440,447,115.8566907,772.151453,0.6224,2038414974,0.466,305667114,500,7,233.620884956,18.7,867.935,1130333815,1130,2639.916,1492.019
"Georgia",22.252959942,6.31133429,6.115725,1143421615,312,439.9,102.3215701,4975.124921,0.3816,18696419950,0.786,3490335109,100,127.9,53.916499283,3,1560.475,11694565370,6970,3757.98,2328.245
"Germany",7.347627925,33.198040588,0.850725,36240345841,11658,11860,119.8885194,51073.117896,0.0407,4259934912000,0.939,1024160854783,NA,202,233.473909027,NA,18546.497,2793637343363,35725,83408.554,64044.372
"Ghana",1.469768979,31.096326294,19.708775,15586248345,4708.9,7417.5,118.051894,2408.634903,0.5537,79082784430,0.596,20867543969,1600,2708.6,137.645654899,5.1,13181.751,37808111755,23853.3,32833.031,18192.301
"Greece",51.99640127,24.402546984,3.870845,8317434358,2131.9304,3220.1601,106.8377618,20571.217933,0.1464,214873879800,0.872,23222331574,NA,1088.2297,79.155539557,NA,2210.862,156123177810,13196,10445.365,8864.457
"Grenada",7.834045753,20.588235294,5.163533,57588259,3,7,107.900738,8950.228561,NA,1115287981,0.763,125680555,NA,4,366.5,NA,69.485,773223556,34,124.61,40.276
"Guatemala",24.809144325,25.135457801,9.396841,8079956883,1554,2737,114.51822,4883.207816,0.5332,85985881810,0.651,17168668748,2400,1183,161.708908072,13.5,8712.358,55376583526,10889,17608.483,9531.638
"Guinea",0.992719584,16.017245587,25.382518,4070368272,3100,3938,121.9976491,1185.05914,NA,16036108890,0.466,4398991847,1600,838,55.039071016,12.4,8851.793,6000595704,24586,13531.906,5257.867
"Guinea-Bissau",3.636170414,15.222806532,32.025449,500610377,300,550,114.73948,758.55212,NA,1563164283,0.461,196786689,700,250,57.036285635,36.8,1134.311,846186571,3613,2060.721,913.828
"Guyana",1.361064213,2.088663534,17.993991,1085118047,420,449,84.22556529,9025.812026,0.5153,7261870504,0.67,4017448722,100,29,3.742694329,3,581.183,2514844817,21497,804.567,213.839
"Haiti",10.170304629,47.027027027,20.615281,3925920865,1005,1305,134.5216165,1663.562062,0.6026,19043741490,0.503,4677754502,4900,300,412.525009009,43.3,4833.33,9990414991,2775,11447.569,6664.621
"Holy See",NA,NA,NA,NA,NA,NA,NA,NA,NA,NA,NA,NA,NA,NA,1161.363636364,NA,0,NA,0.044,0.511,0.8
"Honduras",9.86416698,14.383500756,11.040848,3145396350,1018,1618,114.1550925,2771.722617,0.4796,28488721300,0.623,6530826124,1600,600,91.37118855,16.2,4047.947,17270176236,11249,10278.345,5820.871
"Hungary",4.947298719,46.105549823,3.354589,6100253732,4139.7044,4289.1993,120.6804631,18728.324414,0.2089,181848022200,0.845,40751797982,NA,149.4949,104.372632484,NA,2660.705,107025053812,9303,9709.786,6925.778
"Iceland",0.029333234,1.174757282,4.523552,1158138673,121,121,126.2974284,69133.134081,0.0869,25602419210,0.938,4201189827,NA,0,3.595485437,NA,20.938,17562421270,10300,370.335,324.826
"India",72.371628145,51.120978566,16.818628,538443481150,154447.948,168047.948,115.0647018,2274.476541,0.5629,3201470939000,0.647,749409797919,222100,13600,428.187561069,15.9,902833.076,1600400659947,328726,1407563.842,494589.933
"Indonesia",43.785471971,27.744726384,13.280683,157521256116,26300,53600,111.3080512,4332.70928,0.494,1186092991000,0.707,458639523430,16500,27300,141.701630241,6.1,117389.239,521980611291,193189.867,273753.191,157464.948
"Iran (Islamic Republic of)",48.571713388,10.115648488,12.554894,74688030049,15699,17590,124.3840313,6766.020902,0.5146,594891778700,0.797,194559649591,5400,1891,50.56296373,6.2,19942.766,305176382077,173889,87923.432,64365.273
"Iraq",59.538699409,12.502068737,4.027242,8215737103,4969,5439,111.8324397,4686.129929,0.5388,204004068400,0.689,100026591036,7000,470,100.066181203,16.4,12307.036,95385423115,43504.8,43533.592,30305.174
"Ireland",0,6.217985202,1.017763,5131383886,436,437,112.6403552,101108.989164,0.1129,504182603300,0.942,185358951401,NA,1,70.952276608,NA,1777.637,284317812440,7028,4986.526,3148.202
"Israel",65.369762123,21.726325328,1.066797,5137600696,377,479.5,128.8551433,54111.021039,0.1009,481591279800,0.906,80941120064,NA,102.5,403.26502039,NA,647.742,351000361811,2207,8900.059,8193.994
"Italy",40.293588392,30.991251941,1.929463,40667342822,7192.812,9361.4345,113.2225554,35578.851073,0.0676,2107702843000,0.883,414111090657,NA,2168.6225,196.116520507,NA,16916.734,1434693446357,30206.7,59240.329,42121.159
"Jamaica",22.392698133,17.106460419,8.340803,1222560147,120,188,104.2439839,5183.580142,0.43,14657583650,0.726,2582376770,200,68,257.297088262,7.5,1265.382,9020318100,1099,2827.695,1653.746
"Japan",74.850710313,11.508335539,1.04053,51411331187,4086,4349,111.3956673,39649.927507,0.1326,4940877781000,0.915,1274317656140,3300,263,329.750013231,2.7,10256.23,3583115795190,37790,124612.53,115853.245
"Jordan",39.868426371,3.146062384,5.245463,2373239437,199.2,281,107.6807903,4058.354301,0.4734,45243661970,0.723,10107042254,1700,81.8,124.815580286,16.9,864.189,28550704225,8931.8,11148.278,9456.165
"Kazakhstan",7.611573323,10.936796993,5.112197,9867478032,29669.7,29801.7,87.78622971,10054.89008,0.2672,193018345500,0.817,64896995709,500,132,7.044827667,2.5,7995.847,106853464661,272490.2,19196.465,10961.021
"Kenya",3.137194486,11.044678395,21.785564,24748900929,5800,6410,121.6529453,2085.776707,0.5522,110557875000,0.579,16560814313,12800,610,91.33072695,24.7,39172.008,62235910642,58037,53005.614,15608.844
"Kiribati",NA,41.975308642,23.109107,52562627,2,34,122.7323415,1764.934486,NA,227454167,0.623,22847282,NA,32,159.103703704,12.1,54.333,151726663,81,128.874,70.1
"Kuwait",100,0.785634119,0.429797,587282629,8,14,129.2633147,32150.178819,0.3873,136641925100,0.808,71355091210,100,6,238.502469136,2.7,0,83426512015,1782,4250.114,4361.47
"Kyrgyzstan",84.633588477,6.822205551,13.782178,1204656306,1287.4,1364.1,113.4724891,1339.00521,0.3528,8740681889,0.674,2065365102,300,76.7,32.646876719,4.6,4011.291,4582586639,19995,6527.743,2370.607
"Lao People's Democratic Republic",38.151707575,5.717905405,15.952904,3042921865,1224,1354,96.76057209,2568.924082,0.534,19074407740,0.604,4177701773,400,130,31.355815034,5.2,4579.664,9566282283,23680,7425.057,2682.637
"Latvia",0.118427802,21.222910217,4.108132,1637234295,1362,1371,127.3752119,21267.462244,0.1666,39853501580,0.854,6871520135,100,9,29.008034056,2.7,592.276,26428605441,6460,1873.919,1283.253
"Lebanon",96.907608167,26.727272727,4.066744,1543120948,139.3,279.3,117.8492883,6784.799328,0.3848,37944879050,0.73,2675826710,700,140,535.18,10.9,649.747,33526995842,1045,5592.631,5307.547
"Lesotho",0.05862801,14.262187088,4.22383,100249072,429,433,106.950914,1040.308674,0.5406,2373416386,0.518,564819499,1000,4,75.146706192,43.7,1658.271,1418589436,3036,2281.454,693.232
"Liberia",0.028603526,6.285355123,66.884918,1635261976,500,700,93.86675294,470.767016,0.6512,2444888955,0.465,177877182,1900,200,46.632091227,37.8,2481.436,399442163,11137,5193.416,2750.646
"Libya",38.804697182,1.165077236,3.874495,1511274031,1720,2050,70.73290823,5791.254976,0.134,39005706440,0.708,17845838769,500,330,3.827862396,7.9,1282.075,22717887270,175954,6735.277,5463.598
"Liechtenstein",NA,10.8125,0.138714,9165894,1.73,1.73,106.6329632,169260.216988,NA,6607749611,0.917,2770963498,NA,0,243.99375,NA,33.26,3580030440,16,39.039,5.628
"Lithuania",0.168082029,35.46025425,3.313782,2201850864,2279,2315.2,130.1593325,23844.125651,0.1247,66445256590,0.869,15114665272,NA,36.2,42.681130342,NA,901.73,42027710672,6529,2786.651,1938.269
"Luxembourg",0,24.722007722,0.195018,166752191,62.472,64.03,123.9829005,133745.401496,0.0999,85506243830,0.909,8691818976,NA,1.558,246.842084942,NA,50.91,68718295406,259,639.321,560.428
"Madagascar",45.514308234,6.129798483,23.992433,3466856929,3000,3600,111.5987688,499.722185,NA,14449793300,0.521,2934596764,14000,600,49.235312747,49.5,17281.025,7242549581,58729.5,28915.653,11145.081
"Malawi",2.650064978,35.449020932,26.689525,3255907239,4000,4200,109.1091444,613.34105,0.6111,12199195240,0.485,1939117518,3300,200,167.874257259,17.2,17168.11,6309150737,11848,19889.742,3691.081
"Malaysia",10.767005561,25.048367594,9.61324,35828708048,826,8286,105.0223403,11100.943725,0.209,372701685900,0.804,130595494815,1100,7460,101.492968561,3.2,7424.927,202154679974,33080,33573.874,25864.286
"Maldives",NA,16.333333333,5.265815,284647648,3.9,4.9,105.6970072,10366.294435,0.2427,5405576797,0.719,380325817,NA,1,1738.19,10.3,274.338,4001695251,30,521.457,191.444
"Mali",3.829345004,6.84653158,35.457545,6792621701,8341,8491,106.2504932,874.552414,0.6767,19157055770,0.427,3959223388,2100,150,17.662602505,9.7,11558.498,7013482534,124019,21904.983,9334.086
"Malta",54.206327582,27.34375,0.891695,158014105,7.8,8.75,120.2545142,33641.595678,0.2266,17720643240,0.885,1940403753,NA,0.95,1646.0875,3.7,22.602,13881349924,32,526.748,412.867
"Marshall Islands",NA,38.888888889,23.53344,60476000,0.5,7,121.1667853,6111.272295,NA,256979000,0.698,21552000,NA,6.5,233.611111111,NA,11.637,178822000,18,42.05,41.652
"Mauritania",25.347090531,0.446298632,18.578711,1857172661,450,460,134.5426502,2166.044797,0.6105,9996240419,0.527,3094397657,300,10,4.477514311,7.5,2152.965,4231474928,103070,4614.974,2754.946
"Mauritius",28.853966774,39.362232187,3.26619,376435535,75,79,94.05246742,8872.959193,0.4188,11525219790,0.796,1924900334,NA,4,647.192326856,6.9,755.995,7889745356,200.7,1298.915,520.48
"Mexico",39.47702111,11.657142857,3.889201,49503262341,20084,22899,105.4616607,10045.676372,0.3728,1272838811000,0.767,370854634210,7800,2815,64.501502004,6.1,25701.273,774637744110,196437.5,126705.138,109682.937
"Micronesia (Federated States of)",NA,2.857142857,22.485497,90881445,2,2,127.8328531,3572.655152,NA,404178050,0.614,9527307,NA,17,161.615714286,NA,83.555,280119993,70,113.131,25.054
"Monaco",NA,NA,NA,0,NA,NA,114.8431667,234317.084828,NA,8596156574,NA,1076057134,NA,NA,17603.646833013,NA,0,7520099440,0.2084,36.686,39.495
"Mongolia",6.135957742,0.855307407,13.191365,1991635340,1332.8,1337.8,110.0377499,4509.858393,0.3254,15098022750,0.735,5229799545,200,5,2.140366827,6.6,1014.831,6330158555,156411.6,3347.782,2236.315
"Montenegro",2.258591867,1.042722665,6.313625,366767770,8.9,14.4,126.9952266,9252.311916,0.1711,5809147307,0.816,583057250,NA,5.54,45.464083997,3.1,202.483,3755234207,1381,627.859,426.85
"Morocco",29.362006911,20.806180719,12.035862,17195224421,7512,9291,152.4611764,3853.283331,0.5249,142866583100,0.676,32353286630,2000,1779,83.028964282,5.3,13474.542,78562413651,44655,37076.584,24022.96
"Mozambique",1.46912744,7.443268533,27.495377,4337879339,5650,5950,85.81886708,491.839113,0.5907,15776758630,0.446,3016307308,9200,300,40.127438765,29.5,20726.122,6763020285,79938,32077.072,12503.542
"Myanmar",33.329940455,18.474999631,25.47794,14925509689,10990,12500,95.88072761,1088.925206,0.4134,58582089720,0.584,19086256272,1800,1510,79.513566562,3.4,37888.296,24932505268,67659,53798.084,17381.064
"Namibia",1.630333913,0.985090199,9.396955,1149835034,800,812,115.3860668,4836.17424,0.401,12236251090,0.645,2681379792,400,12,3.06949132,17.1,1292.95,7556635714,82429,2530.151,1458.3
"Nauru",NA,20,2.388201,3702092,0,0.4,138.0852575,12390.370114,NA,155015920,NA,47865924,NA,0.4,625.55,NA,0,101591079,2,12.511,11.222
"Nepal",90.916111976,15.801739367,23.449531,7719330708,2113.7,2325.7,119.019061,1159.133587,0.4886,34814564540,0.579,3716116194,1500,212,204.069771708,5.2,24154.442,19567441808,14718,30034.989,6423.994
"Netherlands (Kingdom of the)",16.073195666,27.814923776,1.546903,15667760888,1003,1040,119.646555,57871.349211,0.0624,1012846761000,0.934,165700487135,NA,37,468.084942498,NA,1279.787,720546933792,3739,17501.696,15949.752
"New Zealand",114.2945601,2.57741586,5.686331,14241488418,616,690,117.7800494,48823.507781,0.1572,250451266100,0.921,44110459452,NA,74,19.161506854,NA,644.125,171090656395,26771,5129.727,4231.472
"Nicaragua",7.771446428,13.799186929,15.484664,2169868164,1503,1799,99.64052525,2045.534286,0.4485,14013014450,0.651,3364383454,1200,296,52.546904963,17.9,2639.178,6935970033,13037,6850.54,3841.629
"Niger",0.167034217,14.059194949,36.481027,5441145887,17700,17813,116.4198858,590.629477,0.7132,14915001990,0.377,2849506893,3500,113,19.931114444,14.2,20817.293,5784489724,126700,25252.722,4188.876
"Nigeria",1.137369357,47.059332951,23.357059,100650941168,36872,43472,82.85181317,2019.308063,NA,430923012200,0.534,129833989403,29600,6600,231.011315587,14.2,99916.581,194202559488,92377,213401.323,111530.092
"Niue",NA,14.615384615,NA,NA,1,3.8,NA,NA,NA,NA,NA,NA,NA,2.8,7.45,NA,0.864,NA,26,1.937,0.762
"North Macedonia",26.769498907,17.814080124,7.619885,1057729694,417,458,127.137001,6599.619342,0.1636,13881177350,0.759,2590480230,100,41,81.809801634,3.2,860.943,8147942473,2571,2103.33,1228.012
"Norway",4.18727282,2.098884236,1.613542,7780093132,804,807,115.0186353,89241.713941,0.0674,482174854500,0.954,154778812573,NA,3,14.052435694,NA,917.223,269720372526,38449,5403.021,4582.847
"Oman",100,0.375508885,2.12078,1870357633,82.61,116.22,106.6046441,19509.466487,0.2753,88191977480,0.834,42288973909,100,33.6,14.605722133,2.7,682.83,46926114027,30950,4520.471,4587.397
"Pakistan",79.753330443,39.320437131,22.673753,77657773775,30510,31303,90.40118444,1480.110727,0.5359,342500755600,0.56,57022844651,36300,793,290.669660847,16,132695.039,185830705105,79610,231402.117,79411.956
"Palau",NA,5,3.818341,8316513,0.3,2.3,100.8127045,12084.128273,NA,217804328,0.814,22055096,NA,2,39.182608696,NA,4.2,163787441,46,18.024,18.482
"Palestine",62.275306714,18.788381743,7.171756,1293555240,41.9,113.2,120.0284819,3513.622182,NA,18036800000,0.69,3069754989,NA,71.3,852.015269709,NA,1255.674,11142287597,602.5,5133.392,4204.483
"Panama",9.87442742,8.925831425,2.598863,1653008354,565,672.316,105.0018666,14617.596617,0.4539,63605065780,0.795,16320868065,200,107.316,57.768483463,4.9,1358.886,43269240259,7532.2507,4351.267,2993.059
"Papua New Guinea",NA,2.702877884,19.348844,5145732000,331,1251,109.8756149,2672.967174,0.6113,26594518500,0.543,8799802500,2200,920,21.496493389,23.1,7724.734,11476836000,46284,9949.437,1201.039
"Paraguay",7.726449354,11.859806467,10.413567,4213161287,4734,4824,95.50408145,6035.143064,0.4718,40458386040,0.724,11465339829,200,90,16.48129327,3.5,2681.496,22064395387,40675.2,6703.799,4468.355
"Peru",62.383774129,5.225322513,6.970227,15561179655,4290.296,6715.689,102.86825,6621.652603,0.4059,223252136300,0.759,72498151160,2200,2425.393,26.23322933,6.5,7242.484,115605912147,128522,33715.471,26443.821
"Philippines",35.347376284,37.276666667,10.068457,39678420574,5590,11183,103.9923704,3460.531123,0.4196,394086419300,0.712,100622771736,5700,5593,379.601093333,5.1,58228.684,253785227032,30000,113880.328,53074.112
"Poland",1.101029599,36.64340763,2.223977,15110631595,11078.76,11458.76,113.5615145,17736.419557,0.1378,679441900600,0.872,164789575253,NA,380,122.502401586,NA,15110.211,411138957642,31271,38307.726,22736.411
"Portugal",40.026126118,19.862292032,2.190433,5556320007,965.2337,1831.8118,117.9841998,24651.176436,0.111,253663144600,0.85,42769581933,NA,866.5781,111.575343506,NA,3375.656,171344161347,9222.56,10290.103,6806.983
"Puerto Rico",35.612385441,7.463359639,0.667445,7.11e+08,50.2,66.2,115.3066075,32716.456984,NA,106525700000,NA,52282800000,NA,16,367.083201804,NA,233.618,54075700000,887,3256.028,3412.101
"Qatar",100,2.088772846,0.298507,536032165,21,24,109.577336,66798.767072,0.5241,179570783600,0.848,106020088695,NA,3,233.963011314,NA,20.497,82084599041,1149,2688.235,2819.901
"Republic of Korea",56.490980003,15.408366534,1.789649,32409935734,1343,1547,106.9272499,34940.411254,0.1247,1810966372000,0.906,556035992197,1200,204,516.236444223,2.5,9602.94,1063355765322,10040,51830.139,42063.715
"Republic of Moldova",18.81408368,57.223042836,10.385248,1420712131,1711,1937,141.5829454,4468.42129,0.2482,13680098590,0.711,2393279407,300,226,90.443308715,6.7,2282.838,7930006775,3385,3061.506,1721.993
"Romania",6.625591893,37.705536913,4.349701,12356911367,8588,8989,128.732748,14697.754287,0.333,284086425600,0.816,65440488733,NA,401,81.076174497,NA,8812.219,178827497246,23840,19328.56,10482.858
"Russian Federation",1.967634887,7.219569254,3.796592,67533078862,121649,123442,119.3663322,12258.77202,0.2758,1778781593000,0.824,537590011101,3700,1793,8.48640972,2.6,36004.318,993820319135,1709825,145102.755,107632.491
"Rwanda",5.787865642,61.442672741,24.058845,2663295502,1268.4,1618.4,92.52560284,822.315749,0.4005,11069922510,0.536,2093817581,4300,350,511.081548975,32.4,11028.578,5443925709,2634,13461.888,2350.389
"Saint Kitts and Nevis",0.868257332,19.615384615,1.422806,12248148,5,5.1,96.20531428,18082.687989,NA,860844444,0.777,183344445,NA,0.1,183.1,NA,39.569,568007408,26,47.606,17.7
"Saint Lucia",0.177661779,15.435483871,1.879911,33178589,2.67,9.57,104.328312,9824.062104,NA,1764902581,0.745,144280389,NA,6.9,289.759677419,NA,147.455,1354357817,62,179.651,34.454
"Saint Vincent and the Grenadines",NA,12.82051282,6.525703,57463034,2,5,107.3672295,8440.025094,NA,880564698,0.728,89940831,NA,3,267.517948718,3.6,51.661,595872731,39,104.332,59.325
"Samoa",NA,15.41218638,9.287771,79620468,11.29,43,107.4161724,3918.658104,0.4571,857261322,0.707,79188516,NA,31.71,78.410035842,5.6,165.6,619172413,279,218.764,35.718
"San Marino",NA,38.333333333,0.013662,232469,1.985,2.3,114.8119028,50425.102148,NA,1701595072,NA,633888788,NA,0.315,562.416666667,NA,0.807,971163043,6,33.745,33.117
"Sao Tome and Principe",20.727442294,43.75,12.465663,69134978,4,42,145.8862319,2485.817553,NA,554603297,0.609,64046210,NA,38,232.403125,13.5,55.517,410723655,96,223.107,167.201
"Saudi Arabia",100,1.691871851,2.311474,19267089709,3430,3637,124.0155277,23185.870793,0.2843,833541236600,0.857,368331251399,1500,207,16.723525718,4.3,5462.868,400325480204,214969,35950.396,29799.824
"Senegal",5.97374212,19.882059885,15.323806,4233226378,3830,3911,114.0188396,1636.879825,0.5282,27625162480,0.514,6137514193,1000,81,85.794926542,5.9,9078.791,14377889706,19671,16876.72,8584.195
"Serbia",3.954366611,33.168608072,6.530112,4118418237,2615,2819,129.9740709,8643.292397,0.1756,63068108020,0.799,13276152109,300,204,85.854441699,3.3,3759.825,35154910409,8499,7296.769,4913.534
"Seychelles",9.541112798,3.369565217,2.884571,37114693,0.15,1.55,84.16511741,12084.627636,NA,1286662389,0.801,126532735,NA,1.4,231.458695652,3.5,40.542,914747163,46,106.471,55.922
"Sierra Leone",5.807241315,24.190871369,57.448791,2441133704,1584,1749,81.56207078,504.621238,0.6501,4249234287,0.438,241420377,2200,165,116.468063624,27.3,4649.757,1384282617,7230,8420.641,3561.312
"Singapore",NA,0.906593407,0.03358,133310176,0.56,0.66,110.0033307,66821.716108,0.0881,396991824700,0.935,94507685246,NA,0.1,8160.796703297,NA,0,280061159423,72.8,5941.06,5991.801
"Slovakia",3.010059577,27.411788701,1.743713,2031898178,1326,1344,117.706937,21390.45277,0.1636,116527101100,0.857,29636706924,200,18,111.107933918,3.8,2517.26,72122127398,4903,5447.622,2933.773
"Slovenia",3.103351665,11.510440046,1.68943,1043199426,180.95,233.35,118.4213818,29134.800029,0.0164,61748586530,0.902,15848604247,NA,52.4,104.543997159,NA,927.899,37372347774,2027.29,2119.41,1153.866
"Solomon Islands",0.053327553,3.875432526,33.586514,548229667,23,112,113.8282386,2305.981147,NA,1632291061,0.557,249289242,100,89,24.493114187,19.5,493.718,833084405,2890,707.851,165.695
"Somalia",13.143325815,1.770536022,52.872445,4033256247,1100,1129,111.9421229,446.997757,NA,7628276434,NA,482702662,8300,29,26.76282188,49.9,8836.924,2186273792,63766,17065.581,7752.272
"South Africa",18.471690594,10.182185072,2.46761,10339669907,12000,12413,118.6910437,7055.055177,0.4071,419015636100,0.705,91060372372,4000,413,48.71851545,6.9,19088.162,275670773619,121909,59392.255,40277.814
"South Sudan",1.857020655,3.911754034,3.97972,171289883,2394.7,2479.7,70.20063066,400.442903,NA,4304069241,0.413,2085454160,2200,85,16.955517345,20.8,11096.528,1988690461,63391,10748.272,2863.9
"Spain",29.085416983,32.828021164,2.611444,37275243612,11550.0534,16609.8164,115.2712644,30058.387239,0.0954,1427380681000,0.893,240078541842,NA,5059.763,93.85426483,NA,8799.411,1012924821836,50596.4594,47486.935,37650.163
"Sri Lanka",49.443394312,36.153025453,9.01024,7686523521,1372,2372,92.62443344,3918.019167,0.3698,85308759180,0.78,23049552335,1200,1000,331.861621704,5.7,17157.885,49741231971,6561,21773.441,3988.114
"Sudan",22.911620543,11.294376997,19.724973,7074807530,20994.84,21210.84,22.62706397,453.05405,0.5909,20685180300,0.508,7837176710,5200,216,24.311609159,11.6,28720.847,20938686337,187800,45657.202,15871.593
"Suriname",100,0.378464168,9.188494,296223189,58,62,75.04043997,5259.262972,0.4626,3223849313,0.724,1148548157,NA,4,3.741820291,9.1,196.705,1704110863,16382,612.985,385.591
"Sweden",5.021100865,5.673909927,1.290011,8200134428,2535.17,2538.65,112.4695813,60729.713425,0.0547,635663801200,0.937,124404092607,NA,3.48,23.394073847,NA,1198.312,431503085386,44742.515,10467.097,8989.807
"Switzerland",19.91730278,10.188502496,0.623596,5069009269,395.4646,420.6904,105.9318233,93525.366195,0.0278,812866928900,0.946,193406352900,NA,25.2258,210.493065024,NA,2270.418,591995409432,4129.07,8691.406,6460.693
"Syrian Arab Republic",40.801934884,30.924597689,20.595249,4061155154,4660.617,5726.617,115.2219572,924.711783,0.5329,19718893440,0.549,5836362973,5300,1066,115.154806135,25.7,8593.515,9821372701,18518,21324.367,10992.592
"Tajikistan",81.99306074,7.37020795,24.146427,2111921194,838,1042,70.09272406,897.051476,0.3573,8746309306,0.656,1923042573,900,204,68.96353091,9.3,6979.269,3855431808,14138,9750.064,2677.379
"Thailand",52.216434591,44.239164328,8.547805,43250334885,17150,22700,115.357328,7066.675487,0.3796,505981759400,0.765,161408916335,4000,5550,139.540659105,5.6,33246.04,301322508174,51312,71601.103,36252.084
"Timor-Leste",28.427665858,12.871553463,15.771134,316079516,111.5,191.4,94.28991214,1517.223881,NA,2004164748,0.626,482967264,300,79.9,88.832683255,23.7,963.905,1195369459,1487,1320.942,447.281
"Togo",0.08514014,49.656629688,19.01479,1551643814,2650,2820,109.5544411,943.939354,0.5881,8160194303,0.513,1326724643,1500,170,152.224493749,17.5,4862.53,4468083947,5679,8644.829,3722.097
"Tokelau",NA,60,NA,NA,0,0.6,NA,NA,NA,NA,NA,NA,NA,0.6,184.9,NA,1.373,NA,1,1.849,0
"Tonga",NA,41.333333333,16.325993,77031257,20,31,107.6221805,4450.531493,0.6656,471831997,0.717,63448426,NA,11,141.356,NA,86.118,245963781,75,106.017,25.875
"Trinidad and Tobago",17.469050894,9.161793372,0.963379,235644490,25,47,113.0677507,16032.502768,0.3714,24460196270,0.799,9373787179,200,22,297.400194932,13.4,644.67,14170122504,513,1525.663,734.748
"Tunisia",17.346146895,30.257930444,10.138572,4733425579,2831.3,4950.5,94.69511486,3807.184563,0.2404,46687298710,0.739,10014469070,300,2119.2,74.952301204,2.8,3618.979,28855309302,16361,12262.946,8399.535
"Turkmenistan",100,4.097521,10.624355,5732306511,1940,2000,145.8679965,8507.6676,NA,53954394310,0.71,21875338999,400,60,12.99294202,5.8,2875.091,23889679921,48810,6341.855,3241.92
"Tuvalu",NA,60,8.739076,5258318,0,1.8,133.7629809,5370.419271,NA,60170178,NA,8911206,NA,1.8,373.466666667,NA,4.088,43493799,3,11.204,7.521
"Türkiye",12.286524674,29.888584708,5.543077,45399712020,19881,23473,72.41454807,9661.227734,0.3588,819034484300,0.807,234308171963,NA,3591,107.946016426,NA,19802.431,452596466964,78535,84775.404,64712.192
"Uganda",0.130661603,37.673359553,23.442375,10000772280,6900,9100,112.460326,930.372362,0.5381,42661087760,0.528,10124772850,14000,2200,189.831413786,31.5,36254.141,19518729626,24155,45853.778,12443.945
"Ukraine",3.244805518,55.963880375,10.633046,21275195002,32924,33777,197.3074237,4596.349175,0.2864,200085615600,0.75,39525343200,1800,853,72.125626709,4.1,13113.807,111140619798,60355,43531.422,30247.163
"United Arab Emirates",100,1.285937564,0.877255,3556984202,50.3,91.5615,103.9270031,43295.393077,0.2322,405467634000,0.866,170576474313,300,41.2519,131.528991371,2.7,1262.173,231334175526,7120.2135,9365.145,8675.306
"United Kingdom of Great Britain and Northern Ireland",4.900463216,24.858663027,0.674832,21131537302,6009.8042,6055.8189,103.1235006,46541.756928,0.1774,3131377763000,0.92,472578096247,NA,46.0147,276.183403801,NA,10729.342,2312778308012,24361,67281.039,56970.141
"United Republic of Tanzania",5.958310177,16.384672226,26.172761,18943136206,13502.5,15521.2,103.8449322,1138.216559,0.5469,72377294730,0.528,20633242089,13700,2018.7,67.125867202,22.2,41421.114,27235391896,94730,63588.334,23252.74
"United States of America",20.702471811,16.318632641,0.886122,2.066e+11,157736.8,160436.8,113.5688811,69184.7044,0.28,2.3315081e+13,0.92,3.776e+12,NA,2700,34.277300639,NA,57168.078,1.93324e+13,983151,336997.624,276615.118
"Uruguay",15.898175096,11.74443877,6.591395,3909858221,2030.605,2069.605,100.3900454,17312.641778,0.3128,59317612020,0.808,9029233024,100,39,19.44308251,2.7,154.182,39153752200,17622,3426.26,3351.956
"Uzbekistan",98.298400239,9.884746639,24.982517,17297620939,4016.1,4437.5,59.59121631,2031.571579,NA,69238903170,0.71,20868632124,800,421.4,75.918081903,2.6,16680.721,28071444611,44892.4,34081.449,16968.235
"Vanuatu",NA,11.894995898,21.736298,213139939,20,145,118.2542598,3072.572221,NA,980571481,0.597,79441352,NA,125,26.180229696,9.8,222.91,614595046,1219,319.137,76.962
"Venezuela (Bolivarian Republic of)",38.369149753,3.618222685,5.100029,5702517672,2600,3300,113.5688811,3965.034328,0.4759,111813440700,0.726,51177793338,6200,700,30.919211666,21.6,3917.932,49183470429,91205,28199.867,29640.551
"Viet Nam",53.795730839,35.377230323,12.360534,45988233891,6787,11718,105.4936628,3720.579229,0.3078,362637524200,0.693,120903297825,4900,4931,294.260873109,5.1,61504.284,167188794388,33123,97468.029,37779.862
"Yemen",54.510002058,2.750156259,19.213697,1911150983,1158,1452,52.32672367,301.586433,0.744,9946815477,0.463,1945590623,11600,294,62.468778529,36,18995.833,5945557900,52797,32981.641,11914.982
"Zambia",5.874119754,5.100915481,2.948988,628528683,3800,3839,88.64400342,1094.501613,0.5868,21313366730,0.591,9075759835,5700,39,25.874124713,30,10542.189,11008252769,75261,19473.125,8692.602
"Zimbabwe",8.52096529,10.492373836,8.849899,2134432052,4000,4100,115.714101,1507.99479,0.504,24118150860,0.563,6342543738,6100,100,40.929276282,39.1,12226.34,14265320333,39076,15993.524,5834.113
