"Area","Dam capacity per capita","Dependency ratio","Groundwater produced internally","Groundwater: accounted inflow","Groundwater: entering the country (total)","Interannual variability (WRI)","Long-term average annual precipitation in depth","Long-term average annual precipitation in volume","National Rainfall Index (NRI)","Overlap between surface water and groundwater","Overlap: between surface water and groundwater","Seasonal variability (WRI)","Surface water produced internally","Surface water: accounted flow of border rivers","Surface water: accounted inflow","Surface water: entering the country (total)","Surface water: inflow not submitted to treaties","Surface water: inflow secured through treaties","Surface water: inflow submitted to treaties","Surface water: leaving the country to other countries (total)","Surface water: outflow to other countries not submitted to treaties","Surface water: outflow to other countries secured through treaties","Surface water: outflow to other countries submitted to treaties","Surface water: total external renewable","Surface water: total flow of border rivers","Total dam capacity","Total internal renewable water resources (IRWR)","Total internal renewable water resources per capita","Total renewable groundwater","Total renewable surface water","Total renewable water resources","Total renewable water resources per capita","Water resources: total external renewable","Exploitable: regular renewable surface water","Exploitable: total renewable surface water","Groundwater: accounted outflow to other countries","Groundwater: leaving the country to other countries (total)","Total exploitable water resources","Exploitable: irregular renewable surface water","Exploitable: regular renewable groundwater"
"Afghanistan",50.100422794,28.722600151,10.65,0,0,2.5,327,213.48522,185,1,1,2.5,37.5,9,19,10,10,0,0,42.22,35.52,0.82,6.7,18.18,33.4,2.009,47.15,1175.82624924,10.65,55.68,65.33,1629.198915437,18.18,NA,NA,NA,NA,NA,NA,NA
"Albania",1411.702064308,10.927152318,6.2,0,0,1.2,1485,41.17905,1136,2.35,2.35,2.4,23.05,0,3.3,3.3,3.3,0,0,11.5,11.5,0,0,3.3,0,4.03,26.9,9423.023704684,6.2,26.35,30.2,10579.008025334,3.3,3,3,0,0,3,NA,NA
"Algeria",195.102902988,3.599897146,1.487,0.03,0.03,2.3,89,211.974949,241.5,0,0,1.9,9.76,0,0.39,0.39,0.39,0,0,0.32,0.32,0,0,0.39,0,8.61925,11.247,254.583908101,1.517,10.15,11.667,264.090909204,0.42,1,6,0.1,0.1,7.9,5,1.9
"Andorra",NA,NA,NA,NA,NA,1.5,NA,0.4724,NA,NA,NA,1.6,NA,NA,NA,NA,NA,NA,NA,NA,NA,NA,NA,NA,NA,NA,0.3156,3993.218108662,NA,NA,0.3156,3993.218108662,NA,NA,NA,NA,NA,NA,NA,NA
"Angola",273.744257657,0.269541779,58,0,0,2.5,1010,1259.167,1137,55,55,3.1,145,0,0.4,0.4,0.4,0,0,122.8,122.8,0,0,0.4,0,9.44521,148,4289.385850951,58,145.4,148.4,4300.978785683,0.4,NA,NA,0,0,NA,NA,NA
"Antigua and Barbuda",53.862410024,0,NA,0,0,NA,1030,0.4532,NA,NA,NA,NA,NA,0,0,0,0,0,0,0,0,0,0,0,0,0.005021,0.052,557.826194231,0,0,0.052,557.826194231,0,NA,NA,0,0,NA,NA,NA
"Argentina",2905.769027744,66.675796585,128,0,0,2.4,591,1643.2164,1062,112,112,1.8,276,67.94,584.24,516.3,516.3,0,0,48,48,0,0,584.24,135.9,131.563865,292,6449.221874877,128,860.24,876.24,19352.96635494,584.24,NA,NA,0,0,NA,NA,NA
"Armenia",496.92687929,11.713219204,4.311,0,0,1.4,562,16.71388,352.1,1.4,1.4,2.4,3.948,0.91,0.91,0,0,0,0,5.28,5.28,0,0,0.91,1.82,1.38691,6.859,2457.56499344,4.311,4.858,7.769,2783.616042285,0.91,NA,NA,NA,NA,NA,NA,NA
"Australia",3000.888581494,0,72,0,0,3.2,534,4133.81148,717.1,20,20,2,440,0,0,0,0,0,0,0,0,0,0,0,0,77.7863,492,18980.684029132,72,440,492,18980.684029132,0,118,118,0,0,190,NA,72
"Austria",238.475727975,29.214929215,6,0,0,0.9,1110,93.10569,1126,6,6,0.7,55,0,22.7,22.7,22.7,0,0,77.7,77.7,0,0,22.7,0,2.1277,55,6164.480443018,6,77.7,77.7,8708.729644045,22.7,NA,62,0,0,93,NA,31
"Azerbaijan",2088.860342372,76.596971882,6.51,0,0,1.4,447,38.7102,459.7,4.35,4.35,2,5.955,1.18,26.56,19.76,25.38,0,0,NA,NA,0,NA,26.56,2.36,21.5424,8.115,786.871549983,6.51,32.515,34.675,3362.263831873,26.56,NA,NA,NA,NA,NA,NA,NA
"Bahamas",NA,0,NA,0,0,NA,1292,17.93296,1320,NA,NA,NA,NA,0,0,0,0,0,0,0,0,0,0,0,0,NA,0.7,1716.081646262,0,0,0.7,1716.081646262,0,NA,NA,0,0,NA,NA,NA
"Bahrain",0,96.551724138,0,0.112,0.112,3.1,83,0.06557,NA,0,0,0.3,0.004,0,0,0,0,0,0,0,0,0,0,0,0,0,0.004,2.733612845,0.112,0.004,0.116,79.274772512,0.112,NA,NA,0,0,NA,NA,NA
"Bangladesh",38.244823924,91.442765959,21.09,0.032,0.032,0.7,2666,393.42162,2309,0,0,3.6,83.91,0,1122,1122,1122,0,0,0.057,0.057,0,0,1122,0,6.477,105,619.994829716,21.122,1205.91,1227.032,7245.271389481,1122.032,NA,NA,0.032,0.032,NA,NA,NA
"Barbados",NA,0,0.074,0,0,NA,1422,0.61146,NA,0.002,0.002,NA,0.008,0,0,0,0,0,0,0,0,0,0,0,0,NA,0.08,284.495021337,0.074,0.008,0.08,284.495021337,0,NA,NA,0,0,NA,NA,NA
"Belarus",323.652740655,41.27806563,15.9,0,0,1.1,618,128.31534,615.7,15.9,15.9,0.9,34,0,23.9,23.9,23.9,0,0,57.9,57.9,0,0,23.9,0,3.1,34,3549.739736215,15.9,57.9,57.9,6044.997962554,23.9,NA,NA,NA,NA,NA,NA,NA
"Belgium",12.427421661,34.426229508,0.9,0,0,1,847,25.85891,1070,0.9,0.9,1.4,12,0,6.3,6.3,6.3,0,0,11,11,0,0,6.3,0,0.1443,12,1033.465418826,0.9,18.3,18.3,1576.03476371,6.3,NA,NA,0,0,1,NA,1
"Belize",304.226422452,29.787429833,7.51,0,0,1.1,1705,39.16385,2013,7.51,7.51,2.2,15.26,0.432,6.474,6.042,6.042,0,0,0,0,0,0,6.474,0.864,0.1217,15.26,38147.043604121,7.51,21.734,21.734,54330.789363824,6.474,NA,NA,0,0,NA,NA,NA
"Benin",1.808124171,60.970064418,1.8,0,0,1.2,1039,119.23564,959.5,1.5,1.5,3,10,16.09,16.09,0,0,0,0,5.8,5.8,0,0,16.09,32.19,0.0235,10.3,792.496977163,1.8,26.09,26.39,2030.484973526,16.09,NA,NA,0,0,NA,NA,NA
"Bhutan",0,0,8.1,0,0,0.6,2200,84.458,2609,8.1,8.1,3.5,78,0,0,0,0,0,0,78,78,0,0,0,0,0,78,100323.349873824,8.1,78,78,100323.349873824,0,NA,NA,NA,NA,NA,NA,NA
"Bolivia (Plurinational State of)",49.262525713,47.12543554,130,0,0,2.5,1146,1258.97268,1503,103.9,103.9,3.1,277.4,11.5,270.5,259,259,0,0,566,566,0,0,270.5,15,0.5950653,303.5,25125.270376056,130,547.9,574,47518.633264765,270.5,NA,NA,26.12,26.12,NA,NA,NA
"Bosnia and Herzegovina",890.385433192,5.333333333,11.57,0,0,1,1028,52.64388,1019,10.41,10.41,1.3,34.34,0,2,2,2,0,0,35.5,35.5,0,0,2,0,2.9124,35.5,10853.13929347,11.57,36.34,37.5,11464.583760707,2,NA,NA,NA,NA,NA,NA,NA
"Botswana",428.718567251,80.392156863,1.7,0,0,3.8,416,241.99968,430.4,0.1,0.1,2.4,0.8,0.8,9.84,9.04,9.04,0,0,0.6,0.6,0,0,9.84,1.6,1.109705,2.4,927.205483802,1.7,10.64,12.24,4728.747967392,9.84,NA,NA,0,0,1,NA,1
"Brazil",3268.083066065,34.532207702,645.6,0,0,1.7,1761,14996.27097,1934,645.6,645.6,2.5,5661,0,2986,2986,2986,0,0,585.7,585.7,0,0,2986,0,700.4359,5661,26413.006867573,645.6,8647,8647,40345.039813444,2986,NA,NA,0,0,NA,NA,NA
"Brunei Darussalam",101.068093486,0,0.1,0,0,0.9,2722,15.70594,3564,0.1,0.1,1,8.5,0,0,0,0,0,0,0,0,0,0,0,0,0.045013,8.5,19085.12639967,0.1,8.5,8.5,19085.12639967,0,NA,NA,0,0,NA,NA,NA
"Bulgaria",946.634469322,1.408450704,6.4,0,0,1.2,608,67.4576,543.3,5.5,5.5,1.1,20.1,0,0.3,0.3,0.3,0,0,16.9,16.9,0,0,0.3,179,6.5184,21,3049.724450135,6.4,20.4,21.3,3093.291942279,0.3,NA,NA,0.08,0.08,NA,NA,NA
"Burkina Faso",241.511618668,7.407407407,9.5,0,0,1.5,748,205.11656,759,5,5,4,8,0,1,1,1,0,0,15.2,15.2,0,0,1,0,5.337571725,12.5,565.593380078,9.5,9,13.5,610.840850484,1,4.75,4.75,0,0,4.75,NA,0
"Burundi",NA,19.751116784,7.47,0,0,1.4,1274,35.45542,997.8,7.47,7.47,2.4,10.06,2.35,2.476,0.126,0.126,0,0,7.6,7.6,0,0,2.476,4.7,NA,10.06,801.516156247,7.47,12.536,12.536,998.787925916,2.476,NA,NA,0,0,NA,NA,NA
"Cabo Verde",0,0,0.124,0,0,NA,228,0.91884,144,0.005,0.005,NA,0.181,0,0,0,0,0,0,0,0,0,0,0,0,0,0.3,510.269166986,0.124,0.181,0.3,510.269166986,0,NA,NA,0,0,0.065,NA,0.065
"Cambodia",0.060280826,74.669187146,17.6,0,0,0.6,1904,344.70016,2348,13,13,3.1,116,0,355.5,355.5,355.5,0,0,471.5,471.5,0,0,355.5,0,0.001,120.6,7269.867550368,17.6,471.5,476.1,28699.701001078,355.5,NA,NA,0,0,NA,NA,NA
"Cameroon",573.948913894,3.584672435,100,0,0,0.9,1604,762.60576,1694,95,95,3.5,268,6.15,10.15,4,4,0,0,40,40,0,0,10.15,12.3,15.610623,273,10037.27099764,100,278.15,283.15,10410.451586014,10.15,NA,NA,NA,NA,NA,NA,NA
"Canada",22054.919023482,1.791867677,370,0,0,1.2,537,5302.15542,693.6,360,360,1.6,2840,0,52,52,52,0,0,138.3,138.3,0,0,52,0,841.5057,2850,74695.298221896,370,2892,2902,76058.159803488,52,NA,NA,0,0,NA,NA,NA
"Central African Republic",NA,0,56,0,0,1.2,1343,836.66214,1331,56,56,3.6,141,0,0,0,0,0,0,141,141,0,0,0,NA,NA,141,25837.643577586,56,141,141,25837.643577586,0,NA,NA,0,0,NA,NA,NA
"Chad",NA,67.177242888,11.5,0,0,1.9,322,413.448,648.2,10,10,3.8,13.5,0,30.7,30.7,30.7,0,0,10.15,10.15,0,0,30.7,0,NA,15,873.121479138,11.5,44.2,45.7,2660.110106439,30.7,NA,NA,0,0,NA,NA,NA
"Chile",677.972362032,4.123242259,140,0,0,2.9,1522,1150.778112,2483,140,140,3.5,885,0,38.06,38.06,38.06,0,0,3.15,3.15,0,0,38.06,0,13.21584,885,45400.484600156,140,923.06,923.06,47352.961937875,38.06,NA,NA,0,0,NA,NA,NA
"China",569.614042801,0.961897318,828.8,0,0,1.8,645,6192.0083205,1049,727.9,727.9,2.7,2712,10.15,27.32,17.17,17.17,0,0,718.8,718.8,0,0,27.32,20.3,830.46,2812.9,1929.373288292,828.8,2739.32,2840.22,1948.112126585,27.32,NA,NA,0,0,NA,NA,NA
"Colombia",219.003938966,9.110169492,510,0,0,1.3,3240,3695.605722,2862,510,510,1.5,2145,0,215,215,215,0,0,1375,1375,0,0,215,0,11.28233,2145,41637.095270449,510,2360,2360,45810.510414107,215,NA,NA,0,0,NA,NA,NA
"Comoros",NA,0,1,0,0,NA,900,1.6749,2304,0,0,NA,0.2,0,0,0,0,0,0,0,0,0,0,0,0,NA,1.2,1460.520310361,1,0.2,1.2,1460.520310361,0,NA,NA,0,0,1.02,NA,NA
"Congo",1.542203425,73.317307692,122,0,0,0.8,1646,562.932,1653,122,122,1.8,222,558,610,52,52,0,0,197,197,0,0,610,NA,0.009,222,38041.017813135,122,832,832,142568.138831209,610,NA,NA,0,0,NA,NA,NA
"Cook Islands",NA,0,NA,0,0,NA,NA,NA,NA,NA,NA,NA,NA,0,0,0,0,0,0,0,0,0,0,0,0,NA,NA,NA,0,0,0,0,0,NA,NA,0,0,NA,NA,NA
"Costa Rica",387.405249986,0,37.31,0,0,1,2926,149.5186,2865,37.31,37.31,2.4,113,0,0,0,0,0,0,9.655,9.655,0,0,0,0,1.99667,113,21924.901585326,37.31,113,113,21924.901585326,0,NA,NA,0,0,NA,NA,NA
"Croatia",236.93793433,64.265402844,11,0,0,1,1113,62.98467,824.2,0.5,0.5,1.2,27.2,34.33,67.8,33.47,33.47,0,0,39.7,39.7,0,0,67.8,68.66,0.962,37.7,9285.405534545,11,95,105.5,25984.357662984,67.8,NA,NA,NA,NA,NA,NA,NA
"Cuba",503.015980637,0,6.48,0,0,2.3,1335,146.6898,1103,0,0,2.3,31.64,0,0,0,0,0,0,0,0,0,0,0,0,5.662135,38.12,3386.526315939,6.48,31.64,38.12,3386.526315939,0,NA,18,0,0,24,NA,6
"Cyprus",268.211877948,0,0.41,0,0,NA,498,4.6065,344.3,0.19,0.19,NA,0.56,0,0,0,0,0,0,0,0,0,0,0,0,0.333706,0.78,626.914903536,0.41,0.56,0.78,626.914903536,0,0.15,0.34,0,0,0.54,0.19,0.2
"Czechia",302.956468096,0,1.43,0,0,1.3,677,53.39569408,707.1,1.43,1.43,0.6,13.15,0,0,0,0,0,0,13.2,13.2,0,0,0,0,3.1843,13.15,1251.099945189,1.43,13.15,13.15,1251.099945189,0,NA,NA,0,0,NA,NA,NA
"Côte d'Ivoire",1355.395680416,8.676016163,37.84,0,0,1.1,1348,434.67608,1187,35,35,2.8,74,3,7.3,4.3,4.3,0,0,13.2,13.2,0,0,7.3,5.9,37.2439,76.84,2796.393612999,37.84,81.3,84.14,3062.058284718,7.3,39,39,0,0,39,NA,NA
"Democratic People's Republic of Korea",817.281702319,13.156189242,13,0,0,1.3,1054,127.04916,NA,12,12,3.8,66,10.15,10.15,0,0,0,0,4.85,4.85,0,0,10.15,20.3,21.226366,67,2579.710255415,13,76.15,77.15,2970.517107541,10.15,NA,NA,0,0,NA,NA,NA
"Democratic Republic of the Congo",0.551316401,29.851909587,421,0,0,1.2,1543,3618.11898,1571,420,420,2.3,899,0,383,383,383,0,0,3.301,3.301,0,0,383,0,0.052868,900,9385.351456072,421,1282,1283,13379.339909044,383,NA,NA,0,0,NA,NA,NA
"Denmark",3.416327311,0,4.3,0,0,1,703,30.17276,694,2,2,1.3,3.7,0,0,0,0,0,0,0,0,0,0,0,0,0.02,6,1024.898193446,4.3,3.7,6,1024.898193446,0,NA,NA,NA,NA,2,NA,2
"Djibouti",NA,0,0.015,0,0,4.3,220,5.104,107.4,0.015,0.015,2,0.3,0,0,0,0,0,0,0,0,0,0,0,0,NA,0.3,271.356429384,0.015,0.3,0.3,271.356429384,0,NA,NA,NA,NA,NA,NA,NA
"Dominica",NA,0,NA,0,0,NA,2083,1.56225,NA,NA,NA,NA,NA,0,0,0,0,0,0,0,0,0,0,0,0,NA,0.2,2761.973153621,0,0,0.2,2761.973153621,0,NA,NA,0,0,NA,NA,NA
"Dominican Republic",203.78898014,0,4.161,0,0,2.5,1410,67.9596171,820.9,4.161,4.161,1.5,23.5,0,0,0,0,0,0,1.015,1.015,0,0,0,0,2.2657,23.5,2113.71365728,4.161,23.5,23.5,2113.71365728,0,NA,NA,0,0,2.469,NA,2.469
"Ecuador",432.178540451,0,134,0,0,2.9,2274,582.98538,2575,123.6,123.6,2.8,432,0,0,0,0,0,0,163.8,163.8,0,0,0,0,7.6918,442.4,24857.092786572,134,432,442.4,24857.092786572,0,NA,NA,0,0,NA,NA,NA
"Egypt",1539.386794944,98.260869565,0.5,1,1,1.4,18.1,18.126245,106.6,0,0,2.5,0.5,0,55.5,84,0,55.5,84,0,0,0,0,55.5,0,168.196754,1,9.152297879,1.5,56,57.5,526.257128061,56.5,NA,49,0,0,49.7,49,0.7
"El Salvador",614.332816981,40.502474305,6.15,0,0,1.5,1784,37.53536,1434,2.57,2.57,3.5,12.05,0,10.64,10.64,10.64,0,0,0,0,0,0,10.64,0,3.879,15.63,2475.385906011,6.15,22.69,26.27,4160.485460711,10.64,NA,NA,0,0,NA,NA,NA
"Equatorial Guinea",NA,0,10,0,0,0.8,2156,60.4758,2447,9,9,2.5,25,0,0,0,0,0,0,0,0,0,0,0,0,NA,26,15907.336096315,10,25,26,15907.336096315,0,NA,NA,0,0,NA,NA,NA
"Eritrea",12.184032757,61.722488038,0.5,0,0,4.3,384,46.706045568,333,0.4,0.4,3.8,2.7,3.815,4.515,0.7,0.7,0,0,0.7,0.7,0,0,4.515,7.63,0.04411,2.8,773.414004097,0.5,7.215,7.315,2020.544085703,4.515,NA,NA,0,0,NA,NA,NA
"Estonia",137.352195867,0.749648602,4,0,0,2.1,626,28.38284,621.4,3,3,1.2,11.71,0,0.096,0.096,0.096,0,0,0.096,0.096,0,0,0.096,0,0.1825,12.71,9565.733750483,4,11.806,12.806,9637.984768582,0.096,NA,NA,NA,NA,NA,NA,NA
"Eswatini",490.651873609,41.463414634,0.66,0,0,4.2,788,13.67968,648,0.66,0.66,2.8,2.64,0,1.87,1.87,1.87,0,0,4.5,4.5,0,0,1.87,0,0.58499,2.64,2214.261690505,0.66,4.51,4.51,3782.697054613,1.87,NA,NA,NA,NA,NA,NA,NA
"Ethiopia",261.749317813,0,20,0,0,1.8,848,963.531133312,1073,18,18,3.3,120,0,0,0,0,0,0,96.5,96.5,0,NA,0,0,31.484,122,1014.274449663,20,120,122,1014.274449663,0,NA,NA,NA,NA,2.6,NA,2.6
"Faroe Islands",NA,0,NA,0,0,NA,NA,NA,NA,NA,NA,NA,NA,0,0,0,0,0,0,0,0,0,0,0,0,NA,NA,NA,0,0,0,0,0,NA,NA,0,0,NA,NA,NA
"Fiji",143.883367041,0,5.273,0,0,NA,2592,47.35584,2376,5.273,5.273,NA,28.55,0,0,0,0,0,0,0,0,0,0,0,0,0.133036,28.55,30877.883648241,5.273,28.55,28.55,30877.883648241,0,NA,NA,0,0,NA,NA,NA
"Finland",3360.373353141,2.727272727,2.2,0,0,1.9,536,181.4186872,518.3,2,2,1.2,106.8,0,3,3,3,0,0,27,27,0,0,3,0,18.603,107,19328.062612807,2.2,109.8,110,19869.970910363,3,NA,NA,NA,NA,3,NA,3
"France",154.673433311,5.213270142,120,0,0,1.2,867,476.058429,818,118,118,1.5,198,0,11,11,11,0,0,18,18,0,0,11,33,9.9813,200,3099.264290444,120,209,211,3269.723826419,11,35,70,NA,NA,100,35,30
"Gabon",93.969747721,1.204819277,62,0,0,0.9,1831,490.10377,1842,60,60,2.1,162,0,2,2,2,0,0,0,0,0,0,2,0,0.22,164,70050.175573931,62,164,166,70904.446007759,2,NA,NA,0,0,NA,NA,NA
"Gambia",NA,62.5,0.5,0,0,2,836,9.4468,598.4,0.5,0.5,4.6,3,0,5,5,5,0,0,0,0,0,0,5,0,NA,3,1136.399794539,0.5,8,8,3030.399452104,5,NA,NA,0,0,NA,NA,NA
"Georgia",908.440172646,8.210958471,17.23,0,0,1.1,1026,71.5122,1140,16,16,1.9,56.9,0,5.2,8.35,2.05,3.15,6.3,11.91,11.91,0,0,5.2,0,3.4139,58.13,15468.41654293,17.23,62.1,63.33,16852.138648955,5.2,NA,NA,NA,NA,NA,NA,NA
"Germany",47.95671197,30.51948052,45.7,0,0,1.1,700,250.075,835.5,45,45,0.8,106.3,0,47,47,47,0,0,90.8,90.8,0,0,47,0,4,107,1282.842045194,45.7,153.3,154,1846.333410839,47,NA,NA,0,0,101,NA,NA
"Ghana",4523.017384536,46.085409253,26.3,0,0,1.4,1187,283.138671,1112,25,25,3,29,0,25.9,25.9,25.9,0,0,0,0,0,0,25.9,0,148.50437,30.3,922.85113732,26.3,54.9,56.2,1711.690888362,25.9,NA,NA,0,0,NA,NA,NA
"Greece",1179.661984048,15.204678363,10.3,0,0,1.7,652,86.03792,597.8,7.8,7.8,2.5,55.5,2.8,10.4,7.6,7.6,0,0,1.8,1.8,0,0,10.4,5.6,12.322,58,5552.702083652,10.3,65.9,68.4,6548.359008996,10.4,5,26,0,0,29,21,3
"Grenada",0.176550839,0,NA,0,0,NA,2350,0.799,NA,NA,NA,NA,NA,0,0,0,0,0,0,0,0,0,0,0,0,2.2e-05,0.2,1605.007623786,0,0,0.2,1605.007623786,0,NA,NA,0,0,NA,NA,NA
"Guatemala",26.341855173,14.627472442,33.7,0,0,1,1996,217.34444,2216,25.2,25.2,3.1,100.7,0,18.71,18.71,18.71,0,0,62.49,62.49,0,0,18.71,0,0.463840109,109.2,6201.556374845,33.7,119.41,127.91,7264.112416726,18.71,NA,NA,0,0,NA,NA,NA
"Guinea",135.753233876,0,38,0,0,0.9,1651,405.91486,1638,38,38,4,226,0,0,0,0,0,0,102.2,102.2,0,0,0,0,1.837,226,16701.268838255,38,226,226,16701.268838255,0,166,166,0,0,204,NA,38
"Guinea-Bissau",0,49.044585987,14,0,0,1.5,1577,56.97701,1223,10,10,4.6,12,0,15.4,15.4,15.4,0,0,0,0,0,0,15.4,0,0,16,7764.272795784,14,27.4,31.4,15237.385361725,15.4,NA,NA,0,0,0.35,NA,0.35
"Guyana",1005.696231638,11.070110701,103,0,0,1.6,2387,513.13339,2177,103,103,2.1,241,0,30,30,30,0,0,0,0,0,0,30,0,0.80915,241,299540.001019182,103,271,271,336827.138075511,30,NA,NA,0,0,NA,NA,NA
"Haiti",25.944372993,7.238625018,2.157,0,0,2.4,1440,39.96,1226,0,0,1.9,10.85,0,1.015,1.015,1.015,0,0,0,0,0,0,1.015,0,0.297,13.007,1136.223769431,2.157,11.865,14.022,1224.888882522,1.015,NA,NA,0,0,NA,NA,NA
"Holy See",NA,NA,NA,NA,NA,1.4,NA,NA,NA,NA,NA,2,NA,NA,NA,NA,NA,NA,NA,NA,NA,0,NA,0,NA,NA,NA,NA,NA,0,0,0,0,NA,NA,NA,NA,NA,NA,NA
"Honduras",564.746172657,1.631873617,39,0,0,1.3,1976,222.28024,1618,29.91,29.91,2.9,81.57,0,1.504,1.504,1.504,0,0,4.947,5.764,0,0,1.504,0,5.804656,90.66,8820.486177493,39,83.074,92.164,8966.813236956,1.504,NA,NA,0,0,NA,NA,NA
"Hungary",26.406349223,94.230769231,6,0,0,1.1,589,54.79467,587.5,6,6,0.6,6,0,98,98,98,0,0,104,104,0,0,98,23,0.2564,6,617.933289158,6,104,104,10710.843678738,98,NA,NA,0,0,NA,NA,NA
"Iceland",6227.064684677,0,24,0,0,1,1940,199.82,923.4,20,20,0.8,166,0,0,0,0,0,0,0,0,0,0,0,0,2.3061,170,459043.838686595,24,166,170,459043.838686595,0,NA,NA,0,0,6,NA,6
"India",175.809186826,30.520853354,432,0,0,1.7,1083,3560.10258,1502,390,390,4.2,1404,0,635.2,635.2,635.2,0,0,1385,1142,170.3,243,464.9,0,247.462654468,1446,1027.306866554,432,1868.9,1910.9,1357.593839072,464.9,690,690,0,0,1088.7,NA,398.7
"Indonesia",87.672899491,0,457.4,0,0,1.1,2702,5219.99020634,2929,411.7,411.7,1.9,1973,0,0,0,0,0,0,0,0,0,0,0,0,24.000736,2018.7,7374.160617547,457.4,1973,2018.7,7374.160617547,0,1973,1973,NA,NA,2110.2,NA,137.2
"Iran (Islamic Republic of)",505.460159926,6.772590416,49.3,0,0,2.3,228,396.46692,207.1,18.1,18.1,1.8,97.3,2.315,9.335,7.77,6.2,0.82,1.57,18.67,17.5,0.79,1.17,8.545,4.63,44.441792,128.5,1461.498909642,49.3,105.845,137.045,1558.68574375,8.545,NA,NA,0,0,NA,NA,NA
"Iraq",3486.962435813,60.827954596,3.2,0.08,0.08,1.6,216,93.970368,225,2,2,2.5,34,0,54.58,61.33,45.58,9,15.75,NA,NA,0,NA,54.58,0,151.8,35.2,808.570999609,3.28,88.58,89.86,2064.153125706,54.66,NA,NA,NA,NA,NA,NA,NA
"Ireland",174.269621777,5.769230769,10.8,0,0,0.8,1118,78.57304,1202,10,10,1.8,48.2,0,3,3,3,0,0,2,2,0,0,3,0,0.869,49,9826.48039938,10.8,51.2,52,10428.101648322,3,NA,40,0,0,43,NA,3
"Israel",NA,57.865168539,0.5,0.725,0.725,2.7,435,9.60045,391.6,0,0,3,0.25,0,0.305,0.305,0.305,0,0,0.015,0.015,0,0,0.305,0,NA,0.75,84.269104283,1.225,0.555,1.78,199.998674166,1.03,0.51,0.636,0.025,0.025,1.636,0.126,1
"Italy",169.607430776,4.600104548,43,0,0,1.4,832,251.319744,830.2,31,31,1.5,170.5,0,8.8,8.8,8.8,0,0,0,0,0,0,8.8,0,10.0476,182.5,3080.671614771,43,179.3,191.3,3229.219067976,8.8,18,110,0,0,123,92,13
"Jamaica",1.927364868,0,5.472,0,0,NA,2051,22.54049,1328,3.76,3.76,NA,9.111,0,0,0,0,0,0,0,0,0,0,0,0,0.00545,10.823,3827.499076103,5.472,9.111,10.823,3827.499076103,0,NA,1.926,0,0,3.852,NA,1.926
"Japan",252.570668455,0,27,0,0,1.1,1668,630.3372,1578,17,17,1.7,420,0,0,0,0,0,0,0,0,0,0,0,0,31.47347,430,3450.696330457,27,420,430,3450.696330457,0,NA,NA,0,0,NA,NA,NA
"Jordan",24.660310767,27.214514408,0.45,0.09,0.27,2.6,111,9.914298,148.8,0.253,0.253,2.6,0.485,0.035,0.165,0.4,0.13,0,NA,NA,NA,0,NA,0.165,0.54,0.27492,0.682,61.175367173,0.54,0.65,0.937,84.048854899,0.255,NA,NA,NA,NA,NA,NA,NA
"Kazakhstan",4164.667817747,40.642007195,33.85,0,0,2.3,250,681.2255,274.5,26,26,3.1,56.5,0,44.06,72.04,32.03,12.03,40.01,40.33,40.33,0,0,44.06,0,79.9469,64.35,3352.179685166,33.85,100.56,108.41,5647.393934248,44.06,NA,NA,NA,NA,NA,NA,NA
"Kenya",467.597168104,32.573289902,3.5,0,0,3.2,630,365.6331,902.1,3,3,1.9,20.2,0,10,10,10,0,0,8.9,8.9,0,0,10,0,24.785275,20.7,390.524671594,3.5,30.2,30.7,579.183933234,10,NA,NA,0,0,0.6,NA,0.6
"Kiribati",NA,0,NA,0,0,NA,NA,NA,NA,NA,NA,NA,NA,0,0,0,0,0,0,0,0,0,0,0,0,NA,NA,NA,0,0,0,0,0,NA,NA,0,0,NA,NA,NA
"Kuwait",NA,100,0,0.02,0.02,2.7,121,2.15622,67.35,0,0,0.4,0,0,0,0,0,0,0,0,0,0,0,0,0,NA,0,0,0.02,0,0.02,4.705756128,0.02,NA,NA,0,0,NA,NA,NA
"Kyrgyzstan",3610.742641063,1.127546072,13.69,0,0,2.4,533,106.572817,372.5,11.22,11.22,2.7,46.46,0,0.558,0.558,0.558,0,0,41.81,5.72,25.87,36.09,-25.312,0,23.57,48.93,7495.699509003,13.69,21.148,23.618,3618.095871728,-25.312,NA,NA,NA,NA,NA,NA,NA
"Lao People's Democratic Republic",1430.292050283,42.908545727,37.9,0,0,0.9,1834,434.2912,1933,37.9,37.9,3.6,190.4,0,143.1,143.1,143.1,0,0,333.6,333.6,0,0,143.1,0,10.62,190.4,25642.900788506,37.9,333.5,333.5,44915.480110119,143.1,NA,NA,0,0,NA,NA,NA
"Latvia",536.309200131,51.51688609,4.7,0,0,1.5,667,43.0882,605.4,4.3,4.3,1,16.54,0,18,18,18,0,0,0.678,0.678,0,0,18,0,1.005,16.94,9039.878457927,4.7,34.54,34.94,18645.416370718,18,NA,NA,0,0,1.8,NA,1.8
"Lebanon",40.767931945,0.785448533,3.2,0,0,2,661,6.90745,557.5,2.5,2.5,3.4,4.1,0.038,0.038,0,0,0,0,0.575,0.16,0.335,0.415,-0.297,0.076,0.228,4.8,858.272251468,3.2,3.803,4.503,805.166655909,-0.297,NA,1.58,0.28,0.28,2.08,NA,0.5
"Lesotho",1259.457784378,0,0.5,0,0,3.2,788,23.92368,734.9,0.5,0.5,1.9,5.23,0,0,0,0,0,0,5.2,2.992,2.208,2.208,-2.208,0,2.873395,5.23,2292.397742843,0.5,3.022,3.022,1324.593877413,-2.208,NA,NA,0,0,NA,NA,NA
"Liberia",45.94278602,13.793103448,45,0,0,0.8,2391,266.28567,2413,45,45,2.8,200,0,32,32,32,0,0,0,0,0,0,32,0,0.2386,200,38510.298424004,45,232,232,44671.946171845,32,NA,NA,0,0,NA,NA,NA
"Libya",57.887745374,0,0.6,0,0,2.7,56,98.53424,140.6,0.1,0.1,1.4,0.2,0,0,0,0,0,0,0,0,0,0,0,0,0.38989,0.7,103.930395142,0.6,0.2,0.7,103.930395142,0,0.1,0.135,0,0,0.635,0.035,0.5
"Liechtenstein",NA,NA,NA,NA,NA,0.8,NA,NA,NA,NA,NA,0.9,NA,NA,NA,NA,NA,NA,NA,NA,NA,0,NA,0,NA,NA,NA,NA,NA,0,0,0,0,NA,NA,NA,NA,NA,NA,NA
"Lithuania",177.704348338,36.897959184,1.1,0,0,1.1,656,42.83024,585.4,1,1,0.9,15.36,0,9.04,9.04,9.04,0,0,4.86,4.86,0,0,9.04,0,0.4952,15.46,5547.878080176,1.1,24.4,24.5,8791.915456941,9.04,NA,NA,NA,NA,NA,NA,NA
"Luxembourg",96.977887478,71.428571429,0.08,0,0,1.2,934,2.41906,NA,0.08,0.08,1.5,1,2.5,2.5,0,0,0,0,3.1,3.1,0,0,2.5,4.2,0.062,1,1564.159475444,0.08,3.5,3.5,5474.558164052,2.5,NA,2,0,0,2,NA,0
"Madagascar",17.065497362,0,55,0,0,1.4,1513,888.577335,1541,50,50,3.5,332,0,0,0,0,0,0,0,0,0,0,0,0,0.49346,337,11654.587223052,55,332,337,11654.587223052,0,NA,NA,0,0,NA,NA,NA
"Malawi",2.09932336,6.597222222,2.5,0,0,1.6,1181,139.92488,1125,2.5,2.5,3.8,16.14,0.14,1.14,1,1,0,0,16.98,16.98,0,0,1.14,0,0.041755,16.14,811.473572659,2.5,17.28,17.28,868.78954991,1.14,NA,NA,0,0,NA,NA,NA
"Malaysia",668.680176735,0,64,0,0,1,2875,951.05,3194,50,50,1.7,566,0,0,0,0,0,0,0,0,0,0,0,0,22.450184,580,17275.337365,64,566,580,17275.337365,0,NA,NA,0,0,NA,NA,NA
"Maldives",0,0,0.03,0,0,NA,1972,0.5916,NA,0,0,NA,0,0,0,0,0,0,0,0,0,0,0,0,0,0,0.03,57.531109948,0.03,0,0.03,57.531109948,0,NA,NA,0,0,NA,NA,NA
"Mali",629.765382607,50,20,0,0,1.3,282,349.73358,577.6,10,10,4,50,0,60,60,60,0,0,50,50,0,0,60,0,13.795,60,2739.102787708,20,110,120,5478.205575416,60,NA,NA,0,0,NA,NA,NA
"Malta",0,0,0.05,0,0,NA,560,0.1792,NA,0,0,NA,5e-04,0,0,0,0,0,0,0,0,0,0,0,0,0,0.0505,95.871270513,0.05,5e-04,0.0505,95.871270513,0,4e-04,4e-04,0,0,0.015,NA,0.015
"Marshall Islands",NA,0,NA,0,0,NA,NA,NA,NA,NA,NA,NA,NA,0,0,0,0,0,0,0,0,0,0,0,0,NA,NA,NA,0,0,0,0,0,NA,NA,0,0,NA,NA,NA
"Mauritania",108.342972246,96.49122807,0.3,0,0,1.8,92,94.8244,190.3,0,0,3.2,0.1,11,11,0,0,0,0,0,0,0,0,11,22,0.5,0.4,86.674377797,0.3,11.1,11.4,2470.219767219,11,NA,NA,0,0,0.88,NA,0.88
"Mauritius",71.498134982,0,0.893,0,0,NA,2041,4.096287,NA,0.5,0.5,NA,2.358,0,0,0,0,0,0,0,0,0,0,0,0,0.09287,2.751,2117.921496018,0.893,2.358,2.751,2117.921496018,0,0.915,0.915,0,0,1.083,0,0.168
"Mexico",1201.861285215,11.533137221,150,0,0,2.5,758,1488.99625,1052,91,91,3.1,350,0,53.32,53.31,51.47,1.85,1.85,19.14,18.71,0.432,0.432,52.888,0,152.282,409,3227.966966896,150,402.888,461.888,3645.377032777,52.888,NA,NA,0,0,NA,NA,NA
"Micronesia (Federated States of)",NA,0,NA,0,0,NA,NA,NA,NA,NA,NA,NA,NA,0,0,0,0,0,0,0,0,0,0,0,0,NA,NA,NA,0,0,0,0,0,NA,NA,0,0,NA,NA,NA
"Monaco",NA,NA,NA,NA,NA,1.7,NA,NA,NA,NA,NA,1.8,NA,NA,NA,NA,NA,NA,NA,NA,NA,NA,NA,NA,NA,NA,NA,NA,NA,NA,NA,NA,NA,NA,NA,NA,NA,NA,NA,NA
"Mongolia",74.676308075,0,6.1,0,0,2.6,241,376.951956,177.5,4,4,2.9,32.7,0,0,0,0,0,0,26.4,26.4,0,0,0,0,0.25,34.8,10394.942084042,6.1,32.7,34.8,10394.942084042,0,NA,NA,0,0,NA,NA,NA
"Montenegro",1637.310287819,NA,NA,NA,NA,1,NA,NA,NA,NA,NA,1.6,NA,NA,NA,NA,NA,NA,NA,NA,NA,NA,NA,NA,NA,1.028,NA,NA,NA,NA,NA,NA,NA,NA,NA,NA,NA,NA,NA,NA
"Morocco",484.362043709,0,10,0,0,3.1,346,154.5063,287.9,3,3,2.1,22,0,0,0,0,0,0,0.23,0.23,0,0,0,0,17.95849,29,782.164829424,10,22,29,782.164829424,0,3,16,0.03,0.03,20,13,4
"Mozambique",2311.201284207,53.800092123,17,0,0,3.5,1032,824.96016,1005,14,14,3.3,97.3,0,116.8,116.8,116.8,0,0,1,1,0,0,116.8,0,74.13657,100.3,3126.843996235,17,214.1,217.1,6768.074093546,116.8,NA,NA,NA,NA,NA,NA,NA
"Myanmar",288.671990623,14.129131701,453.7,0,0,0.8,2091,1414.74969,2329,443,443,3.7,992.1,36.8,165,128.2,128.2,0,0,17.6,17.6,0,0,165,73.6,15.53,1002.8,18640.069040377,453.7,1157.1,1167.8,21707.092765609,165,NA,NA,NA,NA,NA,NA,NA
"Namibia",280.035855567,84.565271862,2.1,0,0,3.6,285,234.92265,339,0.04,0.04,2.5,4.1,22.75,33.75,11,10.95,0.05,0.05,9.65,9.65,0,0,33.75,53.86,0.708533,6.16,2434.637300303,2.1,37.85,39.91,15773.762119336,33.75,0.15,0.35,0,0,0.65,0.2,0.3
"Nauru",NA,0,0.01,0,0,NA,NA,NA,NA,NA,NA,NA,NA,0,0,0,0,0,0,0,0,0,0,0,0,NA,0.01,799.296618975,0.01,0,0.01,799.296618975,0,NA,NA,0,0,NA,NA,NA
"Nepal",2.840021017,5.708848716,20,0,0,1,1500,220.77,1751,20,20,4.1,198.2,0,12,12,12,0,0,210.2,210.2,0,0,12,0,0.0853,198.2,6598.97028762,20,210.2,210.2,6998.504311089,12,NA,NA,NA,NA,NA,NA,NA
"Netherlands (Kingdom of the)",527.606010298,87.912087912,4.5,0,0,1,778,29.08942,893.1,4.5,4.5,0.9,11,0,80,80,80,0,0,0,0,0,0,80,0,9.234,11,628.510516924,4.5,91,91,5199.49609455,80,NA,NA,0,0,1.9,NA,1.9
"New Zealand",3292.124512669,0,NA,0,0,0.9,1732,463.67372,1154,NA,NA,1.5,NA,0,0,0,0,0,0,0,0,0,0,0,0,16.8877,327,63746.082393858,0,0,327,63746.082393858,0,NA,NA,0,0,NA,NA,NA
"Nicaragua",4671.961626383,5.051057622,59,0,0,1.2,2280,297.2436,2013,55.39,55.39,2.9,152.6,0,8.31,8.31,8.31,0,0,0,0,0,0,8.31,0,32.00546,156.21,22802.581986238,59,160.91,164.52,24015.625045617,8.31,NA,NA,0,0,NA,NA,NA
"Niger",3.708273508,89.720998532,2.5,0,0,1.9,151,191.317,310.4,0,0,3.6,1,1.35,30.55,29.2,29.2,0,0,32.4,32.4,0,0,30.55,2.7,0.093644,3.5,138.598920148,2.5,31.55,34.05,1348.369494584,30.55,NA,NA,0,0,5,NA,NA
"Nigeria",237.424652705,22.781271838,87,0,0,1.2,1150,1062.3355,1295,80,80,3.6,214,0,65.2,65.2,65.2,0,0,2.9,2.9,0,0,65.2,0,50.666735,221,1035.607450287,87,279.2,286.2,1341.135078155,65.2,NA,NA,0,0,59.51,NA,59.51
"Niue",NA,0,NA,0,0,NA,NA,NA,NA,NA,NA,NA,NA,0,0,0,0,0,0,0,0,0,0,0,0,NA,NA,NA,0,0,0,0,0,NA,NA,0,0,NA,NA,NA
"North Macedonia",1088.702200796,15.625,NA,0,0,1.3,619,15.91449,621.5,NA,NA,1.6,5.4,0,1,1,1,0,0,6.4,6.4,0,0,1,0,2.2899,5.4,2567.357476002,0,6.4,6.4,3042.794045632,1,NA,NA,0,0,3,NA,NA
"Norway",6159.498547202,2.798982188,96,0,0,1,1414,543.66886,1414,90,90,1.6,376,0,11,11,11,0,0,10,10,0,0,11,0,33.2799,382,70701.18735426,96,387,393,72737.085419435,11,NA,275,0,0,275,NA,0
"Oman",19.551060055,0,1.3,0,0,3.1,125,38.6875,23.44,0.95,0.95,0.5,1.05,0,0,0,0,0,0,NA,NA,0,NA,0,0,0.08838,1.4,309.702241205,1.3,1.05,1.4,309.702241205,0,0,0,NA,NA,0,0,0
"Pakistan",120.172748774,77.714748784,55,0,0,2.4,494,393.2734,355.6,47.4,47.4,2.7,47.4,0,191.8,265.1,21.5,170.3,243.6,10.72,10.72,0,0,191.8,0,27.808228472,55,237.681490183,55,239.2,246.8,1066.541668674,191.8,NA,NA,NA,NA,NA,NA,NA
"Palau",NA,0,NA,0,0,NA,NA,NA,NA,NA,NA,NA,NA,0,0,0,0,0,0,0,0,0,0,0,0,NA,NA,NA,0,0,0,0,0,NA,NA,0,0,NA,NA,NA
"Palestine",0,2.986857826,0.74,0.01,0.01,2.7,402,2.42205,NA,0,0,3.1,0.072,0,0.015,0.015,0.015,0,0,0.017,0.017,0,0,0.015,1.578,0,0.812,158.18001041,0.75,0.087,0.837,163.050084622,0.025,0.105,0.175,NA,NA,0.715,0.07,0.54
"Panama",2099.87114098,1.941078505,21,0,0,0.9,2928,220.544300496,2461,17.6,17.6,2.4,133.2,2.704,2.704,0,0,0,0,0,0,0,0,2.704,5.409,9.1371,136.6,31393.155143088,21,135.904,139.304,32014.5833386,2.704,NA,NA,0,0,NA,NA,NA
"Papua New Guinea",0,0,211.6,0,0,0.9,3142,1454.24328,3250,211.6,211.6,1,801,0,0,0,0,0,0,0,0,0,0,0,0,0,801,80507.067887359,211.6,801,801,80507.067887359,0,NA,NA,NA,NA,NA,NA,NA
"Paraguay",5001.492437348,69.82747505,41.64,0,0,1.6,1130,459.62976,1228,41.64,41.64,2.1,117,197.5,270.77,73.27,73.27,0,0,125.6,125.6,0,0,270.77,395.1,33.529,117,17452.790574419,41.64,387.77,387.77,57843.321376432,270.77,NA,NA,0,0,NA,NA,NA
"Peru",171.222166821,12.703479094,303,0,0,4.2,1738,2233.71236,2229,303,303,2.9,1641,110,238.8,128.8,128.8,0,0,1868,1868,0,0,238.8,250,5.772836,1641,48672.017662159,303,1879.8,1879.8,55754.819501113,238.8,NA,NA,0,0,NA,NA,NA
"Philippines",62.390055638,0,180,0,0,1.2,2348,704.4,2640,145,145,2.1,444,0,0,0,0,0,0,0,0,0,0,0,0,7.105,479,4206.169831193,180,444,479,4206.169831193,0,125.8,125.8,0,0,146,NA,20.2
"Poland",77.161980327,11.404958678,12.5,0,0,1.2,600,187.626,600.9,12,12,0.6,53.1,0,6.9,6.9,6.9,0,0,2.14,2.14,0,0,6.9,0,2.9559,53.6,1399.195556531,12.5,60,60.5,1579.315880039,6.9,NA,NA,0,0,33,NA,NA
"Portugal",1130.474592917,50.904392765,4,0,0,2.3,854,78.7606624,920.7,4,4,2.8,38,6,39.4,33.4,33.4,0,NA,0,0,0,0,39.4,12,11.6327,38,3692.868769146,4,77.4,77.4,7521.790598209,39.4,NA,9,0,0,13,NA,4
"Puerto Rico",NA,0,NA,0,0,NA,2054,18.21898,1093,NA,NA,NA,NA,0,0,0,0,0,0,0,0,0,0,0,0,NA,7.1,2180.570928751,0,0,7.1,2180.570928751,0,NA,NA,0,0,NA,NA,NA
"Qatar",NA,3.448275862,0.056,0.002,0.002,2.6,74,0.85026,36,0,0,0.4,0,0,0,0,0,0,0,0,0,0,0,0,0,NA,0.056,20.831512126,0.058,0,0.058,21.575494702,0.002,NA,NA,0,0,NA,NA,NA
"Republic of Korea",363.38991875,6.958393113,13.3,0,0,1.5,1274,127.9096,NA,10.7,10.7,3.3,62.25,0,4.85,4.85,4.85,0,0,0,0,0,0,4.85,0,18.83455,64.85,1251.202509798,13.3,67.1,69.7,1344.777408372,4.85,NA,NA,0,0,NA,NA,NA
"Republic of Moldova",368.28279938,86.797066015,1.3,0,0,1.1,450,15.2325,541.3,1,1,0.8,1.32,1.45,10.65,9.2,9.2,0,0,10.23,10.23,0,0,10.65,2.9,1.1275,1.62,529.151339243,1.3,11.97,12.27,4007.831439821,10.65,NA,NA,NA,NA,NA,NA,NA
"Romania",572.334410841,80.010376869,8.38,0.08,0.08,1.3,637,151.8608,647.4,8,8,0.8,42,1.45,169.55,168.1,168.1,0,0,22.5,22.5,0,0,169.55,2.9,11.0624,42.38,2192.610313443,8.46,211.55,212.01,10968.74262749,169.63,NA,NA,0,0,4.5,NA,4.5
"Russian Federation",5523.972305005,4.716552737,788,0,0,1.5,460,7865.195,489.3,512,512,1.9,4036,8.845,213.445,204.6,204.6,0,0,25.36,25.36,0,0,213.445,19.69,801.5436,4312,29716.872019418,788,4249.445,4525.445,31187.864076047,213.445,NA,NA,0,0,NA,NA,NA
"Rwanda",0,28.571428571,7,0,0,1.4,1212,31.92408,1052,7,7,2.1,9.5,0,3.8,3.8,3.8,0,0,6.145,6.145,0,0,3.8,0,0,9.5,705.695961815,7,13.3,13.3,987.97434654,3.8,NA,NA,0,0,NA,NA,NA
"Saint Kitts and Nevis",NA,0,0.02,0,0,NA,1427,0.37102,NA,0,0,NA,0.004,0,0,0,0,0,0,0,0,0,0,0,0,NA,0.024,504.138133849,0.02,0.004,0.024,504.138133849,0,NA,NA,0,0,NA,NA,NA
"Saint Lucia",14.472505024,0,NA,0,0,NA,2301,1.42662,NA,NA,NA,NA,NA,0,0,0,0,0,0,0,0,0,0,0,0,0.0026,0.3,1669.904425803,0,0,0.3,1669.904425803,0,NA,NA,0,0,NA,NA,NA
"Saint Vincent and the Grenadines",NA,0,NA,0,0,NA,1583,0.61737,NA,NA,NA,NA,NA,0,0,0,0,0,0,0,0,0,0,0,0,NA,0.1,958.478702603,0,0,0.1,958.478702603,0,NA,NA,0,0,NA,NA,NA
"Samoa",45.711360187,0,NA,0,0,NA,2880,8.0352,NA,NA,NA,NA,NA,0,0,0,0,0,0,0,0,0,0,0,0,0.01,NA,NA,0,0,0,0,0,NA,NA,0,0,NA,NA,NA
"San Marino",NA,NA,NA,NA,NA,1.4,NA,NA,NA,NA,NA,1.7,NA,NA,NA,NA,NA,NA,NA,NA,NA,NA,NA,NA,NA,NA,NA,NA,NA,NA,NA,NA,NA,NA,NA,NA,NA,NA,NA,NA
"Sao Tome and Principe",174.804017803,0,NA,0,0,NA,3200,3.072,NA,NA,NA,NA,NA,0,0,0,0,0,0,0,0,0,0,0,0,0.039,2.18,9771.096379764,0,0,2.18,9771.096379764,0,NA,NA,0,0,NA,NA,NA
"Saudi Arabia",27.92902476,0,2.2,0,0,3.5,59,126.83171,128.6,2,2,1.6,2.2,0,0,0,0,0,0,NA,NA,0,NA,0,0,1.0040595,2.4,66.758652672,2.2,2.2,2.4,66.758652672,0,NA,NA,0.394,0.394,NA,NA,NA
"Senegal",14.813304955,33.795227098,3.5,0,0,1.8,686,134.94306,576,1.5,1.5,3.9,23.8,11,13.17,2.17,2.17,0,0,5.4,5.4,0,0,13.17,22,0.25,25.8,1528.733071355,3.5,36.97,38.97,2309.097976384,13.17,NA,NA,0,0,NA,NA,NA
"Serbia",311.08289162,NA,NA,NA,NA,1,NA,49.98,NA,NA,NA,1,NA,NA,NA,NA,NA,NA,NA,NA,NA,NA,NA,NA,NA,2.2699,8.407,1152.153782037,NA,NA,162.2,22229.016705887,NA,NA,NA,NA,NA,NA,NA,NA
"Seychelles",9.39222887,0,NA,0,0,NA,2330,1.0718,NA,NA,NA,NA,NA,0,0,0,0,0,0,0,0,0,0,0,0,0.001,NA,NA,0,0,0,0,0,NA,NA,0,0,NA,NA,NA
"Sierra Leone",26.126277085,0,25,0,0,0.6,2526,182.6298,2546,15,15,3.6,150,0,0,0,0,0,0,0,0,0,0,0,0,0.22,160,19000.92878915,25,150,160,19000.92878915,0,NA,NA,0,0,NA,NA,NA
"Singapore",12.607177844,0,NA,0,0,0.8,2497,1.817816,NA,NA,NA,1,NA,0,0,0,0,0,0,0,0,0,0,0,0,0.0749,0.6,100.992078855,0,0,0.6,100.992078855,0,NA,NA,0,0,NA,NA,NA
"Slovakia",316.963989058,74.850299401,1.73,0,0,0.9,824,40.40072,762.7,1.73,1.73,0.6,12.6,37.5,37.5,0,0,0,0,12.6,12.6,0,0,37.5,75,1.7267,12.6,2312.935809423,1.73,50.1,50.1,9196.673337467,37.5,NA,NA,0.95,0.95,NA,NA,NA
"Slovenia",15.806285712,41.418261688,13.5,0,0,0.9,1162,23.5571098,949.3,13.35,13.35,1,18.52,0,13.2,13.2,13.2,0,0,18.27,18.27,0,0,13.2,0,0.0335,18.67,8809.05535031,13.5,31.72,31.87,15037.2037501,13.2,NA,NA,0.95,0.95,NA,NA,NA
"Solomon Islands",NA,0,11.92,0,0,NA,3028,87.5092,2945,11.92,11.92,NA,44.7,0,0,0,0,0,0,0,0,0,0,0,0,NA,44.7,63148.883027643,11.92,44.7,44.7,63148.883027643,0,NA,NA,0,0,NA,NA,NA
"Somalia",0,59.183673469,3.3,0,0,2.9,282,179.82012,408.3,3,3,1.7,5.7,0,8.7,8.7,8.7,0,0,0,0,0,0,8.7,0,0,6,351.584865467,3.3,14.4,14.7,861.382920394,8.7,NA,NA,0,0,0.6,NA,0.6
"South Africa",522.321891971,12.840466926,4.8,0,0,3,495,603.44955,548.3,3,3,2.1,43,0,6.6,6.6,4.392,2.208,2.208,10.85,10.55,0.05,0.05,6.55,0,31.021875,44.8,754.307106204,4.8,49.55,51.35,864.590846062,6.55,10.93,10.93,0,0,11.972,NA,1.042
"South Sudan",NA,65.789473684,4,0,0,1.5,900,570.519,NA,4,4,2.5,26,0,50,50,50,0,50,34,0,26.5,26.5,23.5,0,NA,26,2418.993490302,4,49.5,49.5,4605.391452691,23.5,NA,NA,0,0,NA,NA,NA
"Spain",1133.250650942,0.269058296,29.9,0,0,2.3,636,321.793481784,536,28.2,28.2,2.1,109.5,0,0.3,0.3,0.3,0,0,34.4,33.4,0,NA,0.3,0,53.8146,111.2,2341.696721425,29.9,109.8,111.5,2348.014248551,0.3,9,41.8,0,0,46.3,32.8,4.5
"Sri Lanka",272.901283725,0,7.8,0,0,1.6,1712,112.32432,1656,7,7,3,52,0,0,0,0,0,0,0,0,0,0,0,0,5.942,52.8,2424.972699538,7.8,52,52.8,2424.972699538,0,NA,NA,0,0,NA,NA,NA
"Sudan",464.986882026,96.127783156,3,0,0,1.4,250,469.5,NA,1,1,3.5,2,0,99.3,99.3,72.8,26.5,26.5,84,0,65.5,84,33.8,0,21.23,4,87.609398403,3,35.8,37.8,827.908814912,33.8,NA,NA,1,1,NA,NA,NA
"Suriname",32627.225788559,0,90,0,0,1.8,2331,381.86442,1848,90,90,2.6,99,0,0,0,0,0,0,0,0,0,0,0,0,20,99,161504.767653368,90,99,99,161504.767653368,0,NA,NA,0,0,NA,NA,NA
"Sweden",3435.432001824,1.724137931,20,0,0,1.5,624,279.1932936,700.4,19,19,1.2,170,0,3,3,3,0,0,3,3,0,0,3,0,35.959,171,16336.907931588,20,173,174,16623.52035144,3,NA,NA,0,0,3,NA,3
"Switzerland",384.690348144,24.485981308,2.5,0,0,0.8,1537,63.4638059,1450,2.5,2.5,0.8,40.4,0,13.1,13.1,13.1,0,0,40.4,40.4,0,0,13.1,0,3.3435,40.4,4648.269796624,2.5,53.5,53.5,6155.505795035,13.1,0,0,0,0,50,NA,50
"Syrian Arab Republic",921.481045604,72.358731881,4.844,1.33,11.13,1.8,252,46.66536,375.8,2,2,2.9,4.288,1.25,17.34,28.52,0,16.09,28.52,31.73,1.725,9,30,8.34,18,19.65,7.132,334.45306958,6.174,12.628,16.802,787.924912378,9.67,4,16.8,0.34,0.34,20.6,12.8,3.8
"Tajikistan",3026.1339823,17.337501628,6,0,0,2.1,691,97.69358,338.6,3,3,3.6,60.46,0,13.31,34.19,0,13.31,34.19,94.65,NA,54.86,94.65,-41.55,NA,29.505,63.46,6508.675225106,6,18.91,21.91,2247.16473656,-41.55,NA,NA,NA,NA,NA,NA,NA
"Thailand",1106.559769058,48.81329655,41.9,0,0,1,1622,832.28064,1724,30.69,30.69,3.5,213.3,214.1,214.1,0,0,0,0,61.25,61.25,0,0,214.1,480,79.2309,224.51,3135.566221654,41.9,427.4,438.61,6125.743621575,214.1,75.64,102.98,NA,NA,125.98,27.34,23
"Timor-Leste",NA,0,0.886,0,0,2.7,1500,22.305,NA,0.8,0.8,3.6,8.129,0,0,0,0,0,0,0,0,0,0,0,0,NA,8.215,6219.046710605,0.886,8.129,8.215,6219.046710605,0,NA,NA,0,0,0.266,NA,0.266
"Togo",198.670095152,21.768707483,5.7,0,0,1.3,1168,66.33072,1071,5,5,3,10.8,0,3.2,3.2,3.2,0,0,9.592,9.592,0,0,3.2,0,1.717469,11.5,1330.275011802,5.7,14,14.7,1700.438493347,3.2,NA,NA,NA,NA,NA,NA,NA
"Tokelau",NA,0,NA,0,0,NA,NA,NA,NA,NA,NA,NA,NA,0,0,0,0,0,0,0,0,0,0,0,0,NA,NA,NA,0,0,0,0,0,NA,NA,0,0,NA,NA,NA
"Tonga",NA,0,NA,0,0,NA,NA,NA,NA,NA,NA,NA,NA,0,0,0,0,0,0,0,0,0,0,0,0,NA,NA,NA,0,0,0,0,0,NA,NA,0,0,NA,NA,NA
"Trinidad and Tobago",46.845207624,0,0.614,0,0,NA,2200,11.286,1839,0.514,0.514,NA,3.74,0,0,0,0,0,0,0,0,0,0,0,0,0.07147,3.84,2516.938537541,0.614,3.74,3.84,2516.938537541,0,NA,NA,0,0,NA,NA,NA
"Tunisia",219.472384531,9.100758396,1.495,0.1,0.1,2,207,33.86727,326.1,0.4,0.4,1.6,3.1,0,0.32,0.32,0.32,0,0,0.16,0.177,0,0,0.32,0,2.691378,4.195,342.087455983,1.595,3.42,4.615,376.336974818,0.42,2.175,2.475,0,0,3.625,0.3,1.15
"Turkmenistan",882.155142305,96.99561638,0.405,0,0,2.4,161,78.5841,71.38,0,0,1.8,1,0,45.36,80.2,1.25,44.11,78.95,78.46,NA,22,22,23.36,NA,5.5945,1.405,221.544011965,0.405,24.36,24.765,3905.008865702,23.36,NA,NA,NA,NA,NA,NA,NA
"Tuvalu",NA,0,NA,0,0,NA,NA,NA,NA,NA,NA,NA,NA,0,0,0,0,0,0,0,0,0,0,0,0,NA,NA,NA,0,0,0,0,0,NA,NA,0,0,NA,NA,NA
"Türkiye",1861.696487828,1.518438178,69,-1.2,0,1.5,593,465.71255,614.5,28,28,2.6,186,2.9,4.7,1.8,1.8,0,0,60.12,41.22,18.9,15.75,-14.2,5.8,157.826071881,227,2677.663441156,67.8,171.8,211.6,2496.006978628,-15.4,NA,98,11,11,112,NA,14
"Uganda",1744.692661966,35.108153078,29,0,0,1.7,1180,285.029,1350,29,29,1.6,39,0,21.1,21.1,21.1,0,0,37,37,0,0,21.1,0,80.00075,39,850.529698992,29,60.1,60.1,1310.688074601,21.1,NA,NA,0,0,NA,NA,NA
"Ukraine",1272.614067144,68.564582383,22,0,0,1.3,565,341.00575,1813,17,17,1.2,50.1,84.05,120.18,36.13,36.13,0,0,28.9,28.9,0,0,120.18,168.1,55.3987,55.1,1265.752356999,22,170.28,175.28,4026.516753806,120.18,NA,NA,NA,NA,NA,NA,NA
"United Arab Emirates",6.52102023,0,0.12,0,0,3.6,78,5.55376653,51.95,0.12,0.12,0.6,0.15,0,0,0,0,0,0,0,0,0,0,0,0,0.0610703,0.15,16.016836899,0.12,0.15,0.15,16.016836899,0,NA,NA,0,0,NA,NA,NA
"United Kingdom of Great Britain and Northern Ireland",78.350454725,1.360544218,9.8,0,0,1,1220,297.2042,1082,9,9,1.7,144.2,0,2,2,2,0,0,3,3,0,0,2,0,5.2715,145,2155.139132141,9.8,146.2,147,2184.865189136,2,NA,NA,0,0,7,NA,7
"United Republic of Tanzania",1638.644912446,12.745403552,30,0,0,2.7,1071,1014.5583,1114,26,26,3.2,80,0,12.27,12.27,12.27,0,0,15.64,15.64,0,NA,12.27,0,104.1987,84,1320.997024391,30,92.27,96.27,1513.956946883,12.27,NA,NA,0,0,NA,NA,NA
"United States of America",2183.598127354,8.178559791,1383,0,0,2.1,715,7029.52965,938.7,1227,1227,1.7,2662,0,251,251,251,0,0,10.5,10.5,0,0,251,0,735.867380689,2818,8362.076760518,1383,2913,3069,9106.889133438,251,NA,NA,0,0,1829,NA,NA
"Uruguay",5006.528836107,46.457607433,22.9,0,0,1.7,1300,229.086,1550,22.9,22.9,1.1,92.2,75,80,5,5,0,0,0,0,0,0,80,150,17.15366949,92.2,26909.808362471,22.9,172.2,172.2,50258.882863531,80,NA,NA,0,0,NA,NA,NA
"Uzbekistan",645.861624017,80.070740334,8.8,0,0,2.2,206,92.478344,188.8,2,2,3.2,9.54,0,65.65,102.2,0,65.65,102.2,99.35,NA,33.12,99.35,32.53,NA,22.0119,16.34,479.439709268,8.8,42.07,48.87,1433.917906483,32.53,NA,NA,NA,NA,NA,NA,NA
"Vanuatu",NA,0,4.377,0,0,NA,2000,24.38,NA,4.377,4.377,NA,10,0,0,0,0,0,0,0,0,0,0,0,0,NA,10,31334.505243829,4.377,10,10,31334.505243829,0,NA,NA,0,0,NA,NA,NA
"Venezuela (Bolivarian Republic of)",5589.590192039,39.245283019,227,0,0,2.7,2044,1864.2302,1813,204.7,204.7,2.3,782.7,25,520,495,495,0,0,160,160,0,0,520,50,157.6257,805,28546.233923727,227,1302.7,1325,46986.037203651,520,NA,NA,0,0,NA,NA,NA
"Viet Nam",458.771870723,59.347147446,71.42,0,0,0.7,1821,603.16983,1991,35,35,3.2,323,0,524.7,524.7,524.7,0,0,37.15,37.15,0,0,524.7,0,44.71559,359.42,3687.568156323,71.42,847.7,884.12,9070.871844551,524.7,367.2,367.2,0,0,371.872,NA,4.672
"Yemen",14.022952951,0,1.5,0,0,4.9,167,88.17099,232.7,1.4,1.4,2.4,2,0,0,0,0,0,0,NA,NA,0,NA,0,0,0.4625,2.1,63.671786373,1.5,2,2.1,63.671786373,0,NA,NA,0,0,NA,NA,NA
"Zambia",5193.485894021,23.473282443,47,0,0,2.1,1020,767.6622,1065,47,47,4.4,80.2,0,24.6,24.6,24.6,0,0,104.3,104.3,0,0,24.6,0,101.1334,80.2,4118.496646019,47,104.8,104.8,5381.77616587,24.6,NA,NA,NA,NA,NA,NA,NA
"Zimbabwe",6248.150563941,38.7,6,0,0,3.1,657,256.72932,722.5,5,5,3.7,11.26,7.74,7.74,0,0,0,0,14.14,14.14,0,0,7.74,39.9,99.929946,12.26,766.560265267,6,19,20,1250.506142361,7.74,NA,NA,NA,NA,1.5,NA,1.5
